Age [ka BP] (AgeD17MT (this study)),Foram bent Œ¥13C [‚Ä∞ PDB] (vs. VPDB),Foram bent Œ¥18O [‚Ä∞ PDB] (vs. VPDB),Foram bent Œ¥13C [‚Ä∞ PDB] (benthic d13C corrected to equ...),Foram bent Œ¥18O [‚Ä∞ PDB] (benthic d18O corrected to equ...),Reference,Species
5159.14,0.71,1.82,0.71,2.46,"Hodell et al., 2001",C.wuellerstorfi
5160.81,0.61,2.08,0.61,2.72,"Hodell et al., 2001",C.wuellerstorfi
5164.16,0.57,2.19,0.57,2.83,"Hodell et al., 2001",C.wuellerstorfi
5165.84,0.52,2.19,0.52,2.83,"Hodell et al., 2001",C.wuellerstorfi
5169.19,0.32,2.17,0.32,2.81,"Hodell et al., 2001",C.wuellerstorfi
5172.53,0.52,2.2,0.52,2.84,"Hodell et al., 2001",C.wuellerstorfi
5174.21,0.74,2.18,0.74,2.82,"Hodell et al., 2001",C.wuellerstorfi
5179.23,0.61,2,0.61,2.64,"Hodell et al., 2001",C.wuellerstorfi
5180.91,0.74,2.07,0.74,2.71,"Hodell et al., 2001",C.wuellerstorfi
5182.58,0.54,2.1,0.54,2.74,"Hodell et al., 2001",C.wuellerstorfi
5184.26,0.67,1.91,0.67,2.55,"Hodell et al., 2001",C.wuellerstorfi
5185.93,0.81,2.07,0.81,2.71,"Hodell et al., 2001",C.wuellerstorfi
5187.6,0.84,1.97,0.84,2.61,"Hodell et al., 2001",C.wuellerstorfi
5189.28,0.87,2.03,0.87,2.67,"Hodell et al., 2001",C.wuellerstorfi
5197.65,0.9,1.96,0.9,2.6,"Hodell et al., 2001",C.wuellerstorfi
5199.33,0.77,2.01,0.77,2.65,"Hodell et al., 2001",C.wuellerstorfi
5210.02,0.6,2.14,0.6,2.78,"Hodell et al., 2001",C.wuellerstorfi
5212.28,0.86,2.3,0.86,2.94,"Hodell et al., 2001",C.wuellerstorfi
5214.53,0.67,2.27,0.67,2.91,"Hodell et al., 2001",C.wuellerstorfi
5216.79,0.73,2.19,0.73,2.83,"Hodell et al., 2001",C.wuellerstorfi
5221.3,0.44,2.07,0.44,2.71,"Hodell et al., 2001",C.wuellerstorfi
5223.56,0.47,2.02,0.47,2.66,"Hodell et al., 2001",C.wuellerstorfi
5225.81,0.51,2.09,0.51,2.73,"Hodell et al., 2001",C.wuellerstorfi
5230.32,0.62,1.99,0.62,2.63,"Hodell et al., 2001",C.wuellerstorfi
5232.58,0.67,2.05,0.67,2.69,"Hodell et al., 2001",C.wuellerstorfi
5234.83,0.85,2.03,0.85,2.67,"Hodell et al., 2001",C.wuellerstorfi
5237.09,0.71,1.83,0.71,2.47,"Hodell et al., 2001",C.wuellerstorfi
5239.35,0.71,1.97,0.71,2.61,"Hodell et al., 2001",C.wuellerstorfi
5241.6,0.95,1.93,0.95,2.57,"Hodell et al., 2001",C.wuellerstorfi
5243.86,0.78,2.01,0.78,2.65,"Hodell et al., 2001",C.wuellerstorfi
5246.11,0.82,1.94,0.82,2.58,"Hodell et al., 2001",C.wuellerstorfi
5248.37,0.89,1.9,0.89,2.54,"Hodell et al., 2001",C.wuellerstorfi
5250.62,0.78,2.03,0.78,2.67,"Hodell et al., 2001",C.wuellerstorfi
5252.88,0.84,2.02,0.84,2.66,"Hodell et al., 2001",C.wuellerstorfi
5255.14,0.78,2,0.78,2.64,"Hodell et al., 2001",C.wuellerstorfi
5257.39,0.86,1.98,0.86,2.62,"Hodell et al., 2001",C.wuellerstorfi
5259.65,0.65,1.99,0.65,2.63,"Hodell et al., 2001",C.wuellerstorfi
5259.65,1.02,1.65,1.02,2.29,"Hodell et al., 2001",C.wuellerstorfi
5264.16,0.89,1.92,0.89,2.56,"Hodell et al., 2001",C.wuellerstorfi
5266.41,0.9,1.99,0.9,2.63,"Hodell et al., 2001",C.wuellerstorfi
5268.67,1,2.09,1,2.73,"Hodell et al., 2001",C.wuellerstorfi
5270.92,0.99,2.02,0.99,2.66,"Hodell et al., 2001",C.wuellerstorfi
5280.4,1.11,2.04,1.11,2.68,"Hodell et al., 2001",C.wuellerstorfi
5282.65,1,1.92,1,2.56,"Hodell et al., 2001",C.wuellerstorfi
5284.91,0.99,1.96,0.99,2.6,"Hodell et al., 2001",C.wuellerstorfi
5287.17,0.9,1.94,0.9,2.58,"Hodell et al., 2001",C.wuellerstorfi
5289.42,0.85,1.93,0.85,2.57,"Hodell et al., 2001",C.wuellerstorfi
5293.93,0.83,2,0.83,2.64,"Hodell et al., 2001",C.wuellerstorfi
5296.19,0.8,2,0.8,2.64,"Hodell et al., 2001",C.wuellerstorfi
5298.44,0.81,1.84,0.81,2.48,"Hodell et al., 2001",C.wuellerstorfi
5300.7,0.82,1.99,0.82,2.63,"Hodell et al., 2001",C.wuellerstorfi
5302.95,0.86,2.07,0.86,2.71,"Hodell et al., 2001",C.wuellerstorfi
5305.21,0.88,1.99,0.88,2.63,"Hodell et al., 2001",C.wuellerstorfi
5307.47,0.94,1.99,0.94,2.63,"Hodell et al., 2001",C.wuellerstorfi
5309.72,0.89,1.91,0.89,2.55,"Hodell et al., 2001",C.wuellerstorfi
5311.98,1.05,2.14,1.05,2.78,"Hodell et al., 2001",C.wuellerstorfi
5314.23,0.91,2.04,0.91,2.68,"Hodell et al., 2001",C.wuellerstorfi
5316.49,0.66,1.95,0.66,2.59,"Hodell et al., 2001",C.wuellerstorfi
5318.74,0.85,1.97,0.85,2.61,"Hodell et al., 2001",C.wuellerstorfi
5321,0.66,1.82,0.66,2.46,"Hodell et al., 2001",C.wuellerstorfi
5323.54,0.65,1.93,0.65,2.57,"Hodell et al., 2001",C.wuellerstorfi
5326.08,0.67,1.91,0.67,2.55,"Hodell et al., 2001",C.wuellerstorfi
5328.61,0.67,1.88,0.67,2.52,"Hodell et al., 2001",C.wuellerstorfi
5331.15,0.74,2.05,0.74,2.69,"Hodell et al., 2001",C.wuellerstorfi
5333.69,0.7,2.03,0.7,2.67,"Hodell et al., 2001",C.wuellerstorfi
5336.23,0.66,2.25,0.66,2.89,"Hodell et al., 2001",C.wuellerstorfi
5338.77,0.53,2.18,0.53,2.82,"Hodell et al., 2001",C.wuellerstorfi
5341.31,0.76,2.17,0.76,2.81,"Hodell et al., 2001",C.wuellerstorfi
5343.84,0.61,1.99,0.61,2.63,"Hodell et al., 2001",C.wuellerstorfi
5346.38,0.89,1.9,0.89,2.54,"Hodell et al., 2001",C.wuellerstorfi
5348.92,0.87,1.92,0.87,2.56,"Hodell et al., 2001",C.wuellerstorfi
5351.46,0.99,1.89,0.99,2.53,"Hodell et al., 2001",C.wuellerstorfi
5354,0.96,1.86,0.96,2.5,"Hodell et al., 2001",C.wuellerstorfi
5356.53,0.94,1.84,0.94,2.48,"Hodell et al., 2001",C.wuellerstorfi
5359.07,0.93,1.85,0.93,2.49,"Hodell et al., 2001",C.wuellerstorfi
5361.61,0.92,1.87,0.92,2.51,"Hodell et al., 2001",C.wuellerstorfi
5364.15,1.03,2.03,1.03,2.67,"Hodell et al., 2001",C.wuellerstorfi
5366.69,1.01,2.02,1.01,2.66,"Hodell et al., 2001",C.wuellerstorfi
5371.76,0.84,2.22,0.84,2.86,"Hodell et al., 2001",C.wuellerstorfi
5374.3,0.95,2.1,0.95,2.74,"Hodell et al., 2001",C.wuellerstorfi
5376.84,0.79,2.12,0.79,2.76,"Hodell et al., 2001",C.wuellerstorfi
5379.38,0.77,2.03,0.77,2.67,"Hodell et al., 2001",C.wuellerstorfi
5381.92,0.9,2.08,0.9,2.72,"Hodell et al., 2001",C.wuellerstorfi
5384.45,0.92,2.05,0.92,2.69,"Hodell et al., 2001",C.wuellerstorfi
5386.99,0.74,2.02,0.74,2.66,"Hodell et al., 2001",C.wuellerstorfi
5389.53,0.69,1.93,0.69,2.57,"Hodell et al., 2001",C.wuellerstorfi
5392.07,0.87,1.85,0.87,2.49,"Hodell et al., 2001",C.wuellerstorfi
5394.61,0.79,1.99,0.79,2.63,"Hodell et al., 2001",C.wuellerstorfi
5397.15,0.78,1.9,0.78,2.54,"Hodell et al., 2001",C.wuellerstorfi
5399.68,0.92,2.02,0.92,2.66,"Hodell et al., 2001",C.wuellerstorfi
5402.22,0.81,1.91,0.81,2.55,"Hodell et al., 2001",C.wuellerstorfi
5404.76,0.73,1.85,0.73,2.49,"Hodell et al., 2001",C.wuellerstorfi
5407.3,0.7,1.78,0.7,2.42,"Hodell et al., 2001",C.wuellerstorfi
5409.84,0.6,1.95,0.6,2.59,"Hodell et al., 2001",C.wuellerstorfi
5412.37,0.76,1.81,0.76,2.45,"Hodell et al., 2001",C.wuellerstorfi
5414.91,0.8,1.88,0.8,2.52,"Hodell et al., 2001",C.wuellerstorfi
5417.45,0.7,2,0.7,2.64,"Hodell et al., 2001",C.wuellerstorfi
5419.99,0.68,2.19,0.68,2.83,"Hodell et al., 2001",C.wuellerstorfi
5422.53,0.57,2.03,0.57,2.67,"Hodell et al., 2001",C.wuellerstorfi
5425.07,0.88,2.01,0.88,2.65,"Hodell et al., 2001",C.wuellerstorfi
5427.6,0.57,1.94,0.57,2.58,"Hodell et al., 2001",C.wuellerstorfi
5434.46,0.45,2.09,0.45,2.73,"Hodell et al., 2001",C.wuellerstorfi
5436.99,0.48,2.17,0.48,2.81,"Hodell et al., 2001",C.wuellerstorfi
5442.07,0.46,2.07,0.46,2.71,"Hodell et al., 2001",C.wuellerstorfi
5444.61,0.52,2.1,0.52,2.74,"Hodell et al., 2001",C.wuellerstorfi
5449.69,0.74,1.77,0.74,2.41,"Hodell et al., 2001",C.wuellerstorfi
5457.3,0.67,2.16,0.67,2.8,"Hodell et al., 2001",C.wuellerstorfi
5459.84,0.77,2.2,0.77,2.84,"Hodell et al., 2001",C.wuellerstorfi
5462.38,0.62,2.15,0.62,2.79,"Hodell et al., 2001",C.wuellerstorfi
5464.91,0.7,1.99,0.7,2.63,"Hodell et al., 2001",C.wuellerstorfi
5467.45,0.82,2.13,0.82,2.77,"Hodell et al., 2001",C.wuellerstorfi
5469.99,0.64,2.1,0.64,2.74,"Hodell et al., 2001",C.wuellerstorfi
5472.53,0.43,1.99,0.43,2.63,"Hodell et al., 2001",C.wuellerstorfi
5480.14,1.02,1.99,1.02,2.63,"Hodell et al., 2001",C.wuellerstorfi
5485.22,1.04,2.11,1.04,2.75,"Hodell et al., 2001",C.wuellerstorfi
5487.76,0.98,2.08,0.98,2.72,"Hodell et al., 2001",C.wuellerstorfi
5490.3,1.02,2.13,1.02,2.77,"Hodell et al., 2001",C.wuellerstorfi
5492.83,0.74,2.03,0.74,2.67,"Hodell et al., 2001",C.wuellerstorfi
5495.37,0.69,2.11,0.69,2.75,"Hodell et al., 2001",C.wuellerstorfi
5497.91,0.76,1.92,0.76,2.56,"Hodell et al., 2001",C.wuellerstorfi
5500.45,0.8,1.93,0.8,2.57,"Hodell et al., 2001",C.wuellerstorfi
5502.99,0.75,1.9,0.75,2.54,"Hodell et al., 2001",C.wuellerstorfi
5505.53,0.64,1.86,0.64,2.5,"Hodell et al., 2001",C.wuellerstorfi
5508.06,0.92,2.01,0.92,2.65,"Hodell et al., 2001",C.wuellerstorfi
5510.6,0.73,1.84,0.73,2.48,"Hodell et al., 2001",C.wuellerstorfi
5513.14,0.74,1.94,0.74,2.58,"Hodell et al., 2001",C.wuellerstorfi
5515.68,0.76,2.24,0.76,2.88,"Hodell et al., 2001",C.wuellerstorfi
5518.22,0.84,2.3,0.84,2.94,"Hodell et al., 2001",C.wuellerstorfi
5520.75,0.6,2.11,0.6,2.75,"Hodell et al., 2001",C.wuellerstorfi
5521.01,0.73,2.08,0.73,2.72,"Hodell et al., 2001",C.wuellerstorfi
5526.08,0.86,2.03,0.86,2.67,"Hodell et al., 2001",C.wuellerstorfi
5528.62,0.82,2.19,0.82,2.83,"Hodell et al., 2001",C.wuellerstorfi
5531.16,0.72,1.83,0.72,2.47,"Hodell et al., 2001",C.wuellerstorfi
5533.7,0.85,1.88,0.85,2.52,"Hodell et al., 2001",C.wuellerstorfi
5536.24,0.78,1.79,0.78,2.43,"Hodell et al., 2001",C.wuellerstorfi
5538.77,0.85,1.94,0.85,2.58,"Hodell et al., 2001",C.wuellerstorfi
5546.39,0.53,1.83,0.53,2.47,"Hodell et al., 2001",C.wuellerstorfi
5548.93,0.87,2.14,0.87,2.78,"Hodell et al., 2001",C.wuellerstorfi
5551.47,1.03,2.08,1.03,2.72,"Hodell et al., 2001",C.wuellerstorfi
5554,0.56,2.33,0.56,2.97,"Hodell et al., 2001",C.wuellerstorfi
5556.54,0.74,2.41,0.74,3.05,"Hodell et al., 2001",C.wuellerstorfi
5559.08,0.67,2.69,0.67,3.33,"Hodell et al., 2001",C.wuellerstorfi
5561.62,0.64,2.56,0.64,3.2,"Hodell et al., 2001",C.wuellerstorfi
5564.16,0.86,2.28,0.86,2.92,"Hodell et al., 2001",C.wuellerstorfi
5566.69,0.94,2.16,0.94,2.8,"Hodell et al., 2001",C.wuellerstorfi
5569.23,0.94,2.11,0.94,2.75,"Hodell et al., 2001",C.wuellerstorfi
5571.77,0.94,2.19,0.94,2.83,"Hodell et al., 2001",C.wuellerstorfi
5574.31,0.94,2.27,0.94,2.91,"Hodell et al., 2001",C.wuellerstorfi
5576.85,0.84,2.26,0.84,2.9,"Hodell et al., 2001",C.wuellerstorfi
5579.39,0.8,2.28,0.8,2.92,"Hodell et al., 2001",C.wuellerstorfi
5581.92,0.7,2.26,0.7,2.9,"Hodell et al., 2001",C.wuellerstorfi
5584.46,0.61,2.24,0.61,2.88,"Hodell et al., 2001",C.wuellerstorfi
5587,0.84,2.43,0.84,3.07,"Hodell et al., 2001",C.wuellerstorfi
5588.8,0.68,2.25,0.68,2.89,"Hodell et al., 2001",C.wuellerstorfi
5590.61,0.9,2.39,0.9,3.03,"Hodell et al., 2001",C.wuellerstorfi
5592.41,0.91,2.28,0.91,2.92,"Hodell et al., 2001",C.wuellerstorfi
5594.22,0.89,2.15,0.89,2.79,"Hodell et al., 2001",C.wuellerstorfi
5596.02,1.03,2.2,1.03,2.84,"Hodell et al., 2001",C.wuellerstorfi
5597.83,1,2.17,1,2.81,"Hodell et al., 2001",C.wuellerstorfi
5599.63,0.93,2.09,0.93,2.73,"Hodell et al., 2001",C.wuellerstorfi
5601.44,0.93,2.09,0.93,2.73,"Hodell et al., 2001",C.wuellerstorfi
5603.24,1.01,2.1,1.01,2.74,"Hodell et al., 2001",C.wuellerstorfi
5605.04,0.99,2.06,0.99,2.7,"Hodell et al., 2001",C.wuellerstorfi
5606.85,0.87,2.08,0.87,2.72,"Hodell et al., 2001",C.wuellerstorfi
5608.65,0.74,2.03,0.74,2.67,"Hodell et al., 2001",C.wuellerstorfi
5610.46,0.8,2.04,0.8,2.68,"Hodell et al., 2001",C.wuellerstorfi
5612.26,0.73,1.87,0.73,2.51,"Hodell et al., 2001",C.wuellerstorfi
5614.07,0.79,2,0.79,2.64,"Hodell et al., 2001",C.wuellerstorfi
5615.87,0.75,2.11,0.75,2.75,"Hodell et al., 2001",C.wuellerstorfi
5617.68,0.71,2.12,0.71,2.76,"Hodell et al., 2001",C.wuellerstorfi
5619.48,0.75,2.24,0.75,2.88,"Hodell et al., 2001",C.wuellerstorfi
5621.29,0.56,2.12,0.56,2.76,"Hodell et al., 2001",C.wuellerstorfi
5623.09,0.8,2.22,0.8,2.86,"Hodell et al., 2001",C.wuellerstorfi
5624.89,0.97,2.21,0.97,2.85,"Hodell et al., 2001",C.wuellerstorfi
5626.7,0.95,2.25,0.95,2.89,"Hodell et al., 2001",C.wuellerstorfi
5628.5,0.95,2.16,0.95,2.8,"Hodell et al., 2001",C.wuellerstorfi
5630.31,0.83,2.14,0.83,2.78,"Hodell et al., 2001",C.wuellerstorfi
5632.11,0.8,2.12,0.8,2.76,"Hodell et al., 2001",C.wuellerstorfi
5633.92,0.77,2.14,0.77,2.78,"Hodell et al., 2001",C.wuellerstorfi
5635.72,0.95,2.17,0.95,2.81,"Hodell et al., 2001",C.wuellerstorfi
5637.53,0.94,2.23,0.94,2.87,"Hodell et al., 2001",C.wuellerstorfi
5639.33,0.76,2.31,0.76,2.95,"Hodell et al., 2001",C.wuellerstorfi
5641.14,0.84,2.32,0.84,2.96,"Hodell et al., 2001",C.wuellerstorfi
5642.94,0.77,2.28,0.77,2.92,"Hodell et al., 2001",C.wuellerstorfi
5644.74,0.78,2.24,0.78,2.88,"Hodell et al., 2001",C.wuellerstorfi
5646.55,0.95,2.14,0.95,2.78,"Hodell et al., 2001",C.wuellerstorfi
5648.35,1.02,2.15,1.02,2.79,"Hodell et al., 2001",C.wuellerstorfi
5650.16,0.92,2.11,0.92,2.75,"Hodell et al., 2001",C.wuellerstorfi
5651.96,1.07,2.01,1.07,2.65,"Hodell et al., 2001",C.wuellerstorfi
5653.77,1.02,2.09,1.02,2.73,"Hodell et al., 2001",C.wuellerstorfi
5655.57,1.1,2.11,1.1,2.75,"Hodell et al., 2001",C.wuellerstorfi
5657.01,1.1,2.18,1.1,2.82,"Hodell et al., 2001",C.wuellerstorfi
5658.82,0.98,2.16,0.98,2.8,"Hodell et al., 2001",C.wuellerstorfi
5660.62,0.94,2.17,0.94,2.81,"Hodell et al., 2001",C.wuellerstorfi
5664.23,1.02,1.89,1.02,2.53,"Hodell et al., 2001",C.wuellerstorfi
5666.04,0.85,2.09,0.85,2.73,"Hodell et al., 2001",C.wuellerstorfi
5667.84,0.94,2.02,0.94,2.66,"Hodell et al., 2001",C.wuellerstorfi
5669.65,0.96,2.08,0.96,2.72,"Hodell et al., 2001",C.wuellerstorfi
5671.45,0.9,2.04,0.9,2.68,"Hodell et al., 2001",C.wuellerstorfi
5673.26,0.89,2.16,0.89,2.8,"Hodell et al., 2001",C.wuellerstorfi
5675.06,0.77,2.07,0.77,2.71,"Hodell et al., 2001",C.wuellerstorfi
5676.86,0.88,2.12,0.88,2.76,"Hodell et al., 2001",C.wuellerstorfi
5678.67,0.83,2.16,0.83,2.8,"Hodell et al., 2001",C.wuellerstorfi
5680.47,0.76,2.06,0.76,2.7,"Hodell et al., 2001",C.wuellerstorfi
5682.28,0.92,2.11,0.92,2.75,"Hodell et al., 2001",C.wuellerstorfi
5684.08,0.99,2.02,0.99,2.66,"Hodell et al., 2001",C.wuellerstorfi
5685.89,0.87,1.93,0.87,2.57,"Hodell et al., 2001",C.wuellerstorfi
5687.69,1.09,2.19,1.09,2.83,"Hodell et al., 2001",C.wuellerstorfi
5689.5,0.77,1.94,0.77,2.58,"Hodell et al., 2001",C.wuellerstorfi
5691.3,0.7,2.26,0.7,2.9,"Hodell et al., 2001",C.wuellerstorfi
5693.11,0.9,2.24,0.9,2.88,"Hodell et al., 2001",C.wuellerstorfi
5694.91,0.73,2.13,0.73,2.77,"Hodell et al., 2001",C.wuellerstorfi
5696.71,0.6,2.2,0.6,2.84,"Hodell et al., 2001",C.wuellerstorfi
5698.52,0.57,2.18,0.57,2.82,"Hodell et al., 2001",C.wuellerstorfi
5700.32,0.66,2.21,0.66,2.85,"Hodell et al., 2001",C.wuellerstorfi
5702.13,0.74,2.08,0.74,2.72,"Hodell et al., 2001",C.wuellerstorfi
5703.93,1,2.12,1,2.76,"Hodell et al., 2001",C.wuellerstorfi
5705.74,1.03,2.14,1.03,2.78,"Hodell et al., 2001",C.wuellerstorfi
5707.54,0.89,2.05,0.89,2.69,"Hodell et al., 2001",C.wuellerstorfi
5712.95,0.96,1.86,0.96,2.5,"Hodell et al., 2001",C.wuellerstorfi
5714.76,0.98,2.02,0.98,2.66,"Hodell et al., 2001",C.wuellerstorfi
5716.56,0.93,2.25,0.93,2.89,"Hodell et al., 2001",C.wuellerstorfi
5718.37,1.07,2.27,1.07,2.91,"Hodell et al., 2001",C.wuellerstorfi
5720.17,1.09,2.37,1.09,3.01,"Hodell et al., 2001",C.wuellerstorfi
5721.98,0.97,2.37,0.97,3.01,"Hodell et al., 2001",C.wuellerstorfi
5723.78,1.13,2.36,1.13,3,"Hodell et al., 2001",C.wuellerstorfi
5725.59,1.07,2.32,1.07,2.96,"Hodell et al., 2001",C.wuellerstorfi
5727.39,0.97,2.18,0.97,2.82,"Hodell et al., 2001",C.wuellerstorfi
5729.2,1.06,2.18,1.06,2.82,"Hodell et al., 2001",C.wuellerstorfi
5731,0.94,2.1,0.94,2.74,"Hodell et al., 2001",C.wuellerstorfi
5732.94,0.91,2.08,0.91,2.72,"Hodell et al., 2001",C.wuellerstorfi
5734.89,0.9,1.81,0.9,2.45,"Hodell et al., 2001",C.wuellerstorfi
5736.83,1.01,2.15,1.01,2.79,"Hodell et al., 2001",C.wuellerstorfi
5737.22,0.73,2.11,0.73,2.75,"Hodell et al., 2001",C.wuellerstorfi
5739.16,0.83,2.19,0.83,2.83,"Hodell et al., 2001",C.wuellerstorfi
5741.11,0.8,2.21,0.8,2.85,"Hodell et al., 2001",C.wuellerstorfi
5743.05,0.83,2.36,0.83,3,"Hodell et al., 2001",C.wuellerstorfi
5744.99,0.8,2.46,0.8,3.1,"Hodell et al., 2001",C.wuellerstorfi
5746.94,0.47,2.52,0.47,3.16,"Hodell et al., 2001",C.wuellerstorfi
5748.88,0.73,2.59,0.73,3.23,"Hodell et al., 2001",C.wuellerstorfi
5750.82,0.67,2.55,0.67,3.19,"Hodell et al., 2001",C.wuellerstorfi
5752.77,0.66,2.6,0.66,3.24,"Hodell et al., 2001",C.wuellerstorfi
5754.71,0.66,2.52,0.66,3.16,"Hodell et al., 2001",C.wuellerstorfi
5756.65,0.58,2.57,0.58,3.21,"Hodell et al., 2001",C.wuellerstorfi
5758.6,0.54,2.63,0.54,3.27,"Hodell et al., 2001",C.wuellerstorfi
5760.54,0.58,2.66,0.58,3.3,"Hodell et al., 2001",C.wuellerstorfi
5762.49,0.65,2.69,0.65,3.33,"Hodell et al., 2001",C.wuellerstorfi
5764.43,0.91,2.57,0.91,3.21,"Hodell et al., 2001",C.wuellerstorfi
5766.37,0.83,2.54,0.83,3.18,"Hodell et al., 2001",C.wuellerstorfi
5768.32,0.86,2.38,0.86,3.02,"Hodell et al., 2001",C.wuellerstorfi
5770.26,0.89,2.29,0.89,2.93,"Hodell et al., 2001",C.wuellerstorfi
5774.15,1.02,2.1,1.02,2.74,"Hodell et al., 2001",C.wuellerstorfi
5776.09,1.02,2.11,1.02,2.75,"Hodell et al., 2001",C.wuellerstorfi
5778.03,0.92,2.15,0.92,2.79,"Hodell et al., 2001",C.wuellerstorfi
5779.98,0.89,2.17,0.89,2.81,"Hodell et al., 2001",C.wuellerstorfi
5781.92,0.95,2.12,0.95,2.76,"Hodell et al., 2001",C.wuellerstorfi
5783.86,0.71,1.98,0.71,2.62,"Hodell et al., 2001",C.wuellerstorfi
5785.81,0.87,2.08,0.87,2.72,"Hodell et al., 2001",C.wuellerstorfi
5787.75,0.7,2.03,0.7,2.67,"Hodell et al., 2001",C.wuellerstorfi
5789.69,0.71,1.97,0.71,2.61,"Hodell et al., 2001",C.wuellerstorfi
5791.64,0.61,2.23,0.61,2.87,"Hodell et al., 2001",C.wuellerstorfi
5793.58,0.53,2.63,0.53,3.27,"Hodell et al., 2001",C.wuellerstorfi
5795.53,0.45,2.42,0.45,3.06,"Hodell et al., 2001",C.wuellerstorfi
5797.47,0.6,2.48,0.6,3.12,"Hodell et al., 2001",C.wuellerstorfi
5799.41,0.46,2.42,0.46,3.06,"Hodell et al., 2001",C.wuellerstorfi
5801.36,0.33,2.43,0.33,3.07,"Hodell et al., 2001",C.wuellerstorfi
5803.3,0.55,2.35,0.55,2.99,"Hodell et al., 2001",C.wuellerstorfi
5804.47,0.73,2.09,0.73,2.73,"Hodell et al., 2001",C.wuellerstorfi
5807.19,0.8,2.14,0.8,2.78,"Hodell et al., 2001",C.wuellerstorfi
5809.13,0.77,2.09,0.77,2.73,"Hodell et al., 2001",C.wuellerstorfi
5811.07,0.7,1.94,0.7,2.58,"Hodell et al., 2001",C.wuellerstorfi
5813.02,0.84,2.24,0.84,2.88,"Hodell et al., 2001",C.wuellerstorfi
5814.96,0.75,2.12,0.75,2.76,"Hodell et al., 2001",C.wuellerstorfi
5816.9,0.45,2.17,0.45,2.81,"Hodell et al., 2001",C.wuellerstorfi
5818.85,0.71,2.24,0.71,2.88,"Hodell et al., 2001",C.wuellerstorfi
5820.79,0.65,2.08,0.65,2.72,"Hodell et al., 2001",C.wuellerstorfi
5822.73,0.67,1.84,0.67,2.48,"Hodell et al., 2001",C.wuellerstorfi
5824.68,0.75,2.19,0.75,2.83,"Hodell et al., 2001",C.wuellerstorfi
5826.62,0.76,2.16,0.76,2.8,"Hodell et al., 2001",C.wuellerstorfi
5828.56,0.42,2.09,0.42,2.73,"Hodell et al., 2001",C.wuellerstorfi
5830.51,0.56,2.3,0.56,2.94,"Hodell et al., 2001",C.wuellerstorfi
5832.45,0.71,2.46,0.71,3.1,"Hodell et al., 2001",C.wuellerstorfi
5836.34,0.56,2.52,0.56,3.16,"Hodell et al., 2001",C.wuellerstorfi
5838.28,0.59,2.43,0.59,3.07,"Hodell et al., 2001",C.wuellerstorfi
5840.23,0.29,2.47,0.29,3.11,"Hodell et al., 2001",C.wuellerstorfi
5844.11,0.71,2.36,0.71,3,"Hodell et al., 2001",C.wuellerstorfi
5848,0.89,1.91,0.89,2.55,"Hodell et al., 2001",C.wuellerstorfi
5850.59,0.92,2.18,0.92,2.82,"Hodell et al., 2001",C.wuellerstorfi
5853.19,1.03,2.14,1.03,2.78,"Hodell et al., 2001",C.wuellerstorfi
5855.78,0.96,2.07,0.96,2.71,"Hodell et al., 2001",C.wuellerstorfi
5858.37,0.97,2.19,0.97,2.83,"Hodell et al., 2001",C.wuellerstorfi
5863.56,0.89,2.32,0.89,2.96,"Hodell et al., 2001",C.wuellerstorfi
5867.97,0.71,2.13,0.71,2.77,"Hodell et al., 2001",C.wuellerstorfi
5870.56,0.69,2.17,0.69,2.81,"Hodell et al., 2001",C.wuellerstorfi
5873.16,0.76,2.16,0.76,2.8,"Hodell et al., 2001",C.wuellerstorfi
5875.75,0.73,2.19,0.73,2.83,"Hodell et al., 2001",C.wuellerstorfi
5883.53,0.76,2.19,0.76,2.83,"Hodell et al., 2001",C.wuellerstorfi
5886.13,0.99,1.87,0.99,2.51,"Hodell et al., 2001",C.wuellerstorfi
5888.72,0.56,1.81,0.56,2.45,"Hodell et al., 2001",C.wuellerstorfi
5893.91,0.32,2.03,0.32,2.67,"Hodell et al., 2001",C.wuellerstorfi
5896.5,0.58,2.21,0.58,2.85,"Hodell et al., 2001",C.wuellerstorfi
5901.69,0.39,1.93,0.39,2.57,"Hodell et al., 2001",C.wuellerstorfi
5906.88,0.75,2.03,0.75,2.67,"Hodell et al., 2001",C.wuellerstorfi
5912.06,1.05,1.94,1.05,2.58,"Hodell et al., 2001",C.wuellerstorfi
5914.66,0.76,2.08,0.76,2.72,"Hodell et al., 2001",C.wuellerstorfi
5919.84,0.78,2.25,0.78,2.89,"Hodell et al., 2001",C.wuellerstorfi
5922.44,0.78,2.23,0.78,2.87,"Hodell et al., 2001",C.wuellerstorfi
5925.03,0.7,1.99,0.7,2.63,"Hodell et al., 2001",C.wuellerstorfi
5927.63,0.86,2.01,0.86,2.65,"Hodell et al., 2001",C.wuellerstorfi
5930.22,0.81,2.01,0.81,2.65,"Hodell et al., 2001",C.wuellerstorfi
5932.81,0.8,2.08,0.8,2.72,"Hodell et al., 2001",C.wuellerstorfi
5935.41,0.84,1.9,0.84,2.54,"Hodell et al., 2001",C.wuellerstorfi
5938,0.8,1.81,0.8,2.45,"Hodell et al., 2001",C.wuellerstorfi
5940.28,0.73,1.95,0.73,2.59,"Hodell et al., 2001",C.wuellerstorfi
5942.56,0.67,2.24,0.67,2.88,"Hodell et al., 2001",C.wuellerstorfi
5944.85,0.7,2.21,0.7,2.85,"Hodell et al., 2001",C.wuellerstorfi
5947.13,0.69,2.25,0.69,2.89,"Hodell et al., 2001",C.wuellerstorfi
5949.41,0.69,2.23,0.69,2.87,"Hodell et al., 2001",C.wuellerstorfi
5951.69,0.76,2.34,0.76,2.98,"Hodell et al., 2001",C.wuellerstorfi
5953.97,0.77,2.34,0.77,2.98,"Hodell et al., 2001",C.wuellerstorfi
5956.25,0.88,2.38,0.88,3.02,"Hodell et al., 2001",C.wuellerstorfi
5958.54,0.89,2.26,0.89,2.9,"Hodell et al., 2001",C.wuellerstorfi
5960.82,0.94,2.37,0.94,3.01,"Hodell et al., 2001",C.wuellerstorfi
5963.1,0.96,2.35,0.96,2.99,"Hodell et al., 2001",C.wuellerstorfi
5965.38,0.94,2.33,0.94,2.97,"Hodell et al., 2001",C.wuellerstorfi
5967.66,0.87,1.94,0.87,2.58,"Hodell et al., 2001",C.wuellerstorfi
5969.95,1.09,2.24,1.09,2.88,"Hodell et al., 2001",C.wuellerstorfi
5972.23,1.1,2.14,1.1,2.78,"Hodell et al., 2001",C.wuellerstorfi
5974.51,1.03,2.16,1.03,2.8,"Hodell et al., 2001",C.wuellerstorfi
5976.79,0.98,2.17,0.98,2.81,"Hodell et al., 2001",C.wuellerstorfi
5979.07,1,2.14,1,2.78,"Hodell et al., 2001",C.wuellerstorfi
5982.5,0.95,2.1,0.95,2.74,"Hodell et al., 2001",C.wuellerstorfi
5983.64,0.99,2.12,0.99,2.76,"Hodell et al., 2001",C.wuellerstorfi
5984.78,1.02,2.17,1.02,2.81,"Hodell et al., 2001",C.wuellerstorfi
5987.06,0.62,2.06,0.62,2.7,"Hodell et al., 2001",C.wuellerstorfi
5989.34,0.71,2.31,0.71,2.95,"Hodell et al., 2001",C.wuellerstorfi
5991.62,0.76,2.14,0.76,2.78,"Hodell et al., 2001",C.wuellerstorfi
5993.91,0.56,2.29,0.56,2.93,"Hodell et al., 2001",C.wuellerstorfi
5996.19,0.66,2.11,0.66,2.75,"Hodell et al., 2001",C.wuellerstorfi
5998.47,0.71,2.35,0.71,2.99,"Hodell et al., 2001",C.wuellerstorfi
6000.75,0.65,2.45,0.65,3.09,"Hodell et al., 2001",C.wuellerstorfi
6003.03,0.65,2.5,0.65,3.14,"Hodell et al., 2001",C.wuellerstorfi
6005.32,0.46,2.45,0.46,3.09,"Hodell et al., 2001",C.wuellerstorfi
6007.6,0.72,2.36,0.72,3,"Hodell et al., 2001",C.wuellerstorfi
6009.88,0.78,2.3,0.78,2.94,"Hodell et al., 2001",C.wuellerstorfi
6012.16,0.67,2.27,0.67,2.91,"Hodell et al., 2001",C.wuellerstorfi
6014.44,0.99,2.18,0.99,2.82,"Hodell et al., 2001",C.wuellerstorfi
6016.72,0.87,2.16,0.87,2.8,"Hodell et al., 2001",C.wuellerstorfi
6019.01,0.59,2.14,0.59,2.78,"Hodell et al., 2001",C.wuellerstorfi
6021.29,0.77,2,0.77,2.64,"Hodell et al., 2001",C.wuellerstorfi
6023.57,0.65,2.07,0.65,2.71,"Hodell et al., 2001",C.wuellerstorfi
6025.85,0.88,2.4,0.88,3.04,"Hodell et al., 2001",C.wuellerstorfi
6028.13,1.06,2.31,1.06,2.95,"Hodell et al., 2001",C.wuellerstorfi
6030.42,1.06,2.36,1.06,3,"Hodell et al., 2001",C.wuellerstorfi
6034.98,0.89,2.34,0.89,2.98,"Hodell et al., 2001",C.wuellerstorfi
6037.26,1.03,2.33,1.03,2.97,"Hodell et al., 2001",C.wuellerstorfi
6039.54,0.84,2.34,0.84,2.98,"Hodell et al., 2001",C.wuellerstorfi
6041.83,0.97,2.49,0.97,3.13,"Hodell et al., 2001",C.wuellerstorfi
6044.11,0.96,2.43,0.96,3.07,"Hodell et al., 2001",C.wuellerstorfi
6046.39,1.05,2.33,1.05,2.97,"Hodell et al., 2001",C.wuellerstorfi
6048.67,1.15,2.28,1.15,2.92,"Hodell et al., 2001",C.wuellerstorfi
6050.95,1.25,2.19,1.25,2.83,"Hodell et al., 2001",C.wuellerstorfi
6053.24,1.2,2.21,1.2,2.85,"Hodell et al., 2001",C.wuellerstorfi
6055.52,1.16,2.22,1.16,2.86,"Hodell et al., 2001",C.wuellerstorfi
6057.8,1.14,2.23,1.14,2.87,"Hodell et al., 2001",C.wuellerstorfi
6060.08,1.17,2.17,1.17,2.81,"Hodell et al., 2001",C.wuellerstorfi
6062.36,1.04,2.13,1.04,2.77,"Hodell et al., 2001",C.wuellerstorfi
6064.64,1.01,2.18,1.01,2.82,"Hodell et al., 2001",C.wuellerstorfi
6066.93,0.93,2.29,0.93,2.93,"Hodell et al., 2001",C.wuellerstorfi
6069.21,0.82,2.22,0.82,2.86,"Hodell et al., 2001",C.wuellerstorfi
6071.49,0.62,2.25,0.62,2.89,"Hodell et al., 2001",C.wuellerstorfi
6071.72,0.86,2.55,0.86,3.19,New data (this study),C.wuellerstorfi
6073.77,0.86,2.45,0.86,3.09,"Hodell et al., 2001",C.wuellerstorfi
6074,0.88,2.62,0.88,3.26,New data (this study),C.wuellerstorfi
6076.05,0.74,2.35,0.74,2.99,"Hodell et al., 2001",C.wuellerstorfi
6078.56,0.97,2.49,0.97,3.13,New data (this study),C.wuellerstorfi
6080.85,1.08,2.42,1.08,3.06,New data (this study),C.wuellerstorfi
6082.9,0.87,2.21,0.87,2.85,"Hodell et al., 2001",C.wuellerstorfi
6085.18,1.11,2.21,1.11,2.85,"Hodell et al., 2001",C.wuellerstorfi
6087.46,1.12,2.12,1.12,2.76,"Hodell et al., 2001",C.wuellerstorfi
6089.75,1.19,2.14,1.19,2.78,"Hodell et al., 2001",C.wuellerstorfi
6092.03,1.02,2,1.02,2.64,"Hodell et al., 2001",C.wuellerstorfi
6094.31,1.12,2.04,1.12,2.68,"Hodell et al., 2001",C.wuellerstorfi
6096.59,0.91,2.21,0.91,2.85,"Hodell et al., 2001",C.wuellerstorfi
6098.87,1.03,2.02,1.03,2.66,"Hodell et al., 2001",C.wuellerstorfi
6103.44,0.76,2.06,0.76,2.7,"Hodell et al., 2001",C.wuellerstorfi
6105.72,0.88,2.29,0.88,2.93,"Hodell et al., 2001",C.wuellerstorfi
6108,0.8,2.16,0.8,2.8,"Hodell et al., 2001",C.wuellerstorfi
6109.81,0.78,2.27,0.78,2.91,"Hodell et al., 2001",C.wuellerstorfi
6111.61,0.65,2.43,0.65,3.07,"Hodell et al., 2001",C.wuellerstorfi
6113.42,0.75,2.39,0.75,3.03,"Hodell et al., 2001",C.wuellerstorfi
6115.22,0.5,2.46,0.5,3.1,"Hodell et al., 2001",C.wuellerstorfi
6118.83,0.38,2.38,0.38,3.02,"Hodell et al., 2001",C.wuellerstorfi
6120.64,0.67,2.47,0.67,3.11,"Hodell et al., 2001",C.wuellerstorfi
6122.44,0.69,2.55,0.69,3.19,"Hodell et al., 2001",C.wuellerstorfi
6124.25,0.81,2.01,0.81,2.65,"Hodell et al., 2001",C.wuellerstorfi
6126.05,1.11,2.31,1.11,2.95,"Hodell et al., 2001",C.wuellerstorfi
6127.86,1,2.15,1,2.79,"Hodell et al., 2001",C.wuellerstorfi
6129.66,0.88,1.76,0.88,2.4,"Hodell et al., 2001",C.wuellerstorfi
6131.47,0.97,2.07,0.97,2.71,"Hodell et al., 2001",C.wuellerstorfi
6133.27,0.95,1.88,0.95,2.52,"Hodell et al., 2001",C.wuellerstorfi
6136.88,1.11,1.96,1.11,2.6,"Hodell et al., 2001",C.wuellerstorfi
6138.69,0.98,2.13,0.98,2.77,"Hodell et al., 2001",C.wuellerstorfi
6140.5,1.02,2.08,1.02,2.72,"Hodell et al., 2001",C.wuellerstorfi
6142.3,0.95,2.17,0.95,2.81,"Hodell et al., 2001",C.wuellerstorfi
6144.11,0.91,2.15,0.91,2.79,"Hodell et al., 2001",C.wuellerstorfi
6145.91,1.12,2.19,1.12,2.83,"Hodell et al., 2001",C.wuellerstorfi
6147.72,1.02,2.22,1.02,2.86,"Hodell et al., 2001",C.wuellerstorfi
6149.52,0.94,2.13,0.94,2.77,"Hodell et al., 2001",C.wuellerstorfi
6151.33,1,2.21,1,2.85,"Hodell et al., 2001",C.wuellerstorfi
6153.13,0.99,2.19,0.99,2.83,"Hodell et al., 2001",C.wuellerstorfi
6154.94,0.83,2.23,0.83,2.87,"Hodell et al., 2001",C.wuellerstorfi
6156.74,0.85,2.25,0.85,2.89,"Hodell et al., 2001",C.wuellerstorfi
6158.55,0.87,2.23,0.87,2.87,"Hodell et al., 2001",C.wuellerstorfi
6160.35,1.05,2.25,1.05,2.89,"Hodell et al., 2001",C.wuellerstorfi
6162.16,0.96,2.21,0.96,2.85,"Hodell et al., 2001",C.wuellerstorfi
6163.96,0.8,2.19,0.8,2.83,"Hodell et al., 2001",C.wuellerstorfi
6165.77,0.82,1.92,0.82,2.56,"Hodell et al., 2001",C.wuellerstorfi
6167.57,0.82,1.83,0.82,2.47,"Hodell et al., 2001",C.wuellerstorfi
6169.38,0.77,2.06,0.77,2.7,"Hodell et al., 2001",C.wuellerstorfi
6171.19,0.99,2.12,0.99,2.76,"Hodell et al., 2001",C.wuellerstorfi
6172.99,0.91,2.22,0.91,2.86,"Hodell et al., 2001",C.wuellerstorfi
6174.98,0.92,2.3,0.92,2.94,New data (this study),C.wuellerstorfi
6180.39,0.76,2.25,0.76,2.89,New data (this study),C.wuellerstorfi
6182.2,0.81,2.31,0.81,2.95,New data (this study),C.wuellerstorfi
6184,1.09,2.32,1.09,2.96,New data (this study),C.wuellerstorfi
6185.81,0.96,2.26,0.96,2.9,New data (this study),C.wuellerstorfi
6185.81,1.08,2.32,1.08,2.96,New data (this study),C.wuellerstorfi
6186.35,1.07,2.31,1.07,2.95,New data (this study),C.wuellerstorfi
6187.61,0.99,2.27,0.99,2.91,New data (this study),C.wuellerstorfi
6188.16,0.98,2.25,0.98,2.89,New data (this study),C.wuellerstorfi
6189.96,0.87,2.14,0.87,2.78,New data (this study),C.wuellerstorfi
6191.22,1.07,2.22,1.07,2.86,New data (this study),C.wuellerstorfi
6191.77,0.81,2.06,0.81,2.7,New data (this study),C.wuellerstorfi
6193.57,0.87,2.08,0.87,2.72,New data (this study),C.wuellerstorfi
6195.38,0.95,2.25,0.95,2.89,New data (this study),C.wuellerstorfi
6197.18,0.77,2.32,0.77,2.96,New data (this study),C.wuellerstorfi
6197.18,0.82,2.38,0.82,3.02,New data (this study),C.wuellerstorfi
6198.99,0.65,2.24,0.65,2.88,New data (this study),C.wuellerstorfi
6200.79,0.48,2.39,0.48,3.03,New data (this study),C.wuellerstorfi
6202.6,0.59,2.37,0.59,3.01,New data (this study),C.wuellerstorfi
6204.22,0.56,2.28,0.56,2.92,"Hodell et al., 2001",C.wuellerstorfi
6206.03,0.79,2.26,0.79,2.9,"Hodell et al., 2001",C.wuellerstorfi
6207.83,0.93,2.23,0.93,2.87,"Hodell et al., 2001",C.wuellerstorfi
6209.64,0.81,2.1,0.81,2.74,"Hodell et al., 2001",C.wuellerstorfi
6211.44,0.82,2.19,0.82,2.83,"Hodell et al., 2001",C.wuellerstorfi
6213.25,0.67,1.95,0.67,2.59,"Hodell et al., 2001",C.wuellerstorfi
6215.05,0.83,2.07,0.83,2.71,"Hodell et al., 2001",C.wuellerstorfi
6216.86,0.89,1.91,0.89,2.55,"Hodell et al., 2001",C.wuellerstorfi
6220.47,0.82,2.27,0.82,2.91,"Hodell et al., 2001",C.wuellerstorfi
6222.27,0.82,2.18,0.82,2.82,"Hodell et al., 2001",C.wuellerstorfi
6224.08,0.85,2.09,0.85,2.73,"Hodell et al., 2001",C.wuellerstorfi
6225.89,0.73,2.01,0.73,2.65,"Hodell et al., 2001",C.wuellerstorfi
6227.69,0.75,2.07,0.75,2.71,"Hodell et al., 2001",C.wuellerstorfi
6229.32,0.63,2.12,0.63,2.76,"Hodell et al., 2001",C.wuellerstorfi
6231.3,0.63,2.09,0.63,2.73,"Hodell et al., 2001",C.wuellerstorfi
6233.11,0.64,2.18,0.64,2.82,"Hodell et al., 2001",C.wuellerstorfi
6234.91,0.6,2.21,0.6,2.85,"Hodell et al., 2001",C.wuellerstorfi
6236.72,0.64,2.48,0.64,3.12,"Hodell et al., 2001",C.wuellerstorfi
6238.52,0.56,2.48,0.56,3.12,"Hodell et al., 2001",C.wuellerstorfi
6240.33,0.58,2.43,0.58,3.07,"Hodell et al., 2001",C.wuellerstorfi
6242.13,0.65,2.43,0.65,3.07,"Hodell et al., 2001",C.wuellerstorfi
6243.94,0.59,2.44,0.59,3.08,"Hodell et al., 2001",C.wuellerstorfi
6245.74,0.71,2.31,0.71,2.95,"Hodell et al., 2001",C.wuellerstorfi
6246.65,0.67,2.18,0.67,2.82,"Hodell et al., 2001",C.wuellerstorfi
6247.55,0.99,2.33,0.99,2.97,"Hodell et al., 2001",C.wuellerstorfi
6248.45,0.76,2.29,0.76,2.93,"Hodell et al., 2001",C.wuellerstorfi
6249.35,0.95,2.21,0.95,2.85,"Hodell et al., 2001",C.wuellerstorfi
6250.26,0.81,2.11,0.81,2.75,"Hodell et al., 2001",C.wuellerstorfi
6251.16,0.85,2.02,0.85,2.66,"Hodell et al., 2001",C.wuellerstorfi
6252.06,0.83,2.15,0.83,2.79,"Hodell et al., 2001",C.wuellerstorfi
6252.96,1.05,2.17,1.05,2.81,"Hodell et al., 2001",C.wuellerstorfi
6253.87,0.86,2.1,0.86,2.74,"Hodell et al., 2001",C.wuellerstorfi
6254.77,0.98,2.19,0.98,2.83,"Hodell et al., 2001",C.wuellerstorfi
6255.67,1.08,2.11,1.08,2.75,"Hodell et al., 2001",C.wuellerstorfi
6256.58,1.01,2.16,1.01,2.8,"Hodell et al., 2001",C.wuellerstorfi
6257.48,1.01,2.16,1.01,2.8,"Hodell et al., 2001",C.wuellerstorfi
6258.38,1.1,2.28,1.1,2.92,"Hodell et al., 2001",C.wuellerstorfi
6259.28,0.95,2.2,0.95,2.84,"Hodell et al., 2001",C.wuellerstorfi
6260.19,1.08,2.07,1.08,2.71,"Hodell et al., 2001",C.wuellerstorfi
6261.09,1.03,2.08,1.03,2.72,"Hodell et al., 2001",C.wuellerstorfi
6261.99,1.08,2.09,1.08,2.73,"Hodell et al., 2001",C.wuellerstorfi
6262.89,0.97,1.96,0.97,2.6,"Hodell et al., 2001",C.wuellerstorfi
6263.8,0.99,2,0.99,2.64,"Hodell et al., 2001",C.wuellerstorfi
6264.7,0.97,2.12,0.97,2.76,"Hodell et al., 2001",C.wuellerstorfi
6265.6,0.9,2.08,0.9,2.72,"Hodell et al., 2001",C.wuellerstorfi
6266.5,0.79,2.09,0.79,2.73,"Hodell et al., 2001",C.wuellerstorfi
6267.41,1.02,2.15,1.02,2.79,"Hodell et al., 2001",C.wuellerstorfi
6268.31,0.89,2.05,0.89,2.69,"Hodell et al., 2001",C.wuellerstorfi
6269.21,0.91,2.15,0.91,2.79,"Hodell et al., 2001",C.wuellerstorfi
6270.12,0.72,1.95,0.72,2.59,"Hodell et al., 2001",C.wuellerstorfi
6271.02,0.84,2.17,0.84,2.81,"Hodell et al., 2001",C.wuellerstorfi
6272.82,0.98,2.16,0.98,2.8,"Hodell et al., 2001",C.wuellerstorfi
6273.73,0.83,2.19,0.83,2.83,"Hodell et al., 2001",C.wuellerstorfi
6275.53,0.85,2.13,0.85,2.77,"Hodell et al., 2001",C.wuellerstorfi
6276.43,0.8,2.11,0.8,2.75,"Hodell et al., 2001",C.wuellerstorfi
6278.24,0.62,2.22,0.62,2.86,"Hodell et al., 2001",C.wuellerstorfi
6279.14,0.91,2.18,0.91,2.82,"Hodell et al., 2001",C.wuellerstorfi
6280.04,0.47,2.21,0.47,2.85,"Hodell et al., 2001",C.wuellerstorfi
6280.95,0.62,2.25,0.62,2.89,"Hodell et al., 2001",C.wuellerstorfi
6281.85,0.52,2.41,0.52,3.05,"Hodell et al., 2001",C.wuellerstorfi
6282.75,0.44,2.18,0.44,2.82,"Hodell et al., 2001",C.wuellerstorfi
6283.66,0.2,2.13,0.2,2.77,"Hodell et al., 2001",C.wuellerstorfi
6284.56,0.46,2.2,0.46,2.84,"Hodell et al., 2001",C.wuellerstorfi
6285.46,0.49,2.41,0.49,3.05,"Hodell et al., 2001",C.wuellerstorfi
6286.36,0.32,2.1,0.32,2.74,"Hodell et al., 2001",C.wuellerstorfi
6287.27,0.5,2.3,0.5,2.94,"Hodell et al., 2001",C.wuellerstorfi
6288.17,0.45,2.26,0.45,2.9,"Hodell et al., 2001",C.wuellerstorfi
6289.97,0.39,2.23,0.39,2.87,"Hodell et al., 2001",C.wuellerstorfi
6291.78,0.39,2.1,0.39,2.74,"Hodell et al., 2001",C.wuellerstorfi
6293.58,0.67,2.18,0.67,2.82,"Hodell et al., 2001",C.wuellerstorfi
6295.39,0.69,2.05,0.69,2.69,"Hodell et al., 2001",C.wuellerstorfi
6297.19,0.68,1.87,0.68,2.51,"Hodell et al., 2001",C.wuellerstorfi
6299,0.76,1.83,0.76,2.47,"Hodell et al., 2001",C.wuellerstorfi
6301.47,0.78,2.1,0.78,2.74,"Hodell et al., 2001",C.wuellerstorfi
6303.94,0.88,2.16,0.88,2.8,"Hodell et al., 2001",C.wuellerstorfi
6306.41,0.82,2.11,0.82,2.75,"Hodell et al., 2001",C.wuellerstorfi
6308.88,0.94,2.17,0.94,2.81,"Hodell et al., 2001",C.wuellerstorfi
6311.35,0.84,2.19,0.84,2.83,"Hodell et al., 2001",C.wuellerstorfi
6313.82,0.7,2.08,0.7,2.72,"Hodell et al., 2001",C.wuellerstorfi
6316.05,0.81,2.3,0.81,2.94,New data (this study),C.wuellerstorfi
6316.29,0.75,2.04,0.75,2.68,"Hodell et al., 2001",C.wuellerstorfi
6318.76,0.73,2.09,0.73,2.73,"Hodell et al., 2001",C.wuellerstorfi
6319.01,0.8,2.26,0.8,2.9,New data (this study),C.wuellerstorfi
6321.23,0.68,2.36,0.68,3,"Hodell et al., 2001",C.wuellerstorfi
6321.48,0.7,2.35,0.7,2.99,New data (this study),C.wuellerstorfi
6323.71,0.55,2.11,0.55,2.75,"Hodell et al., 2001",C.wuellerstorfi
6323.95,0.4,2.46,0.4,3.1,New data (this study),C.wuellerstorfi
6326.18,0.52,2.13,0.52,2.77,"Hodell et al., 2001",C.wuellerstorfi
6326.42,0.64,2.33,0.64,2.97,New data (this study),C.wuellerstorfi
6328.65,0.57,2.16,0.57,2.8,"Hodell et al., 2001",C.wuellerstorfi
6328.89,0.68,2.38,0.68,3.02,New data (this study),C.wuellerstorfi
6328.89,0.55,2.41,0.55,3.05,New data (this study),C.wuellerstorfi
6331.12,0.95,2.27,0.95,2.91,"Hodell et al., 2001",C.wuellerstorfi
6331.36,0.71,2.4,0.71,3.04,New data (this study),C.wuellerstorfi
6333.59,0.99,2.23,0.99,2.87,"Hodell et al., 2001",C.wuellerstorfi
6333.83,0.95,2.34,0.95,2.98,New data (this study),C.wuellerstorfi
6336.06,0.92,2.27,0.92,2.91,"Hodell et al., 2001",C.wuellerstorfi
6336.3,0.86,2.27,0.86,2.91,New data (this study),C.wuellerstorfi
6338.78,1.05,2.32,1.05,2.96,New data (this study),C.wuellerstorfi
6341.25,1.09,2.39,1.09,3.03,New data (this study),C.wuellerstorfi
6343.72,1.01,2.38,1.01,3.02,New data (this study),C.wuellerstorfi
6346.19,1.06,2.43,1.06,3.07,New data (this study),C.wuellerstorfi
6348.66,1,2.47,1,3.11,New data (this study),C.wuellerstorfi
6351.13,0.88,2.49,0.88,3.13,New data (this study),C.wuellerstorfi
6353.1,0.98,2.29,0.98,2.93,New data (this study),C.wuellerstorfi
6353.1,1.11,2.27,1.11,2.91,New data (this study),C.wuellerstorfi
6355.57,1,2.32,1,2.96,New data (this study),C.wuellerstorfi
6358.05,1.01,2.3,1.01,2.94,New data (this study),C.wuellerstorfi
6360.52,0.88,2.4,0.88,3.04,New data (this study),C.wuellerstorfi
6362.99,0.89,2.24,0.89,2.88,New data (this study),C.wuellerstorfi
6365.46,0.84,2.29,0.84,2.93,New data (this study),C.wuellerstorfi
6367.93,0.87,2.3,0.87,2.94,New data (this study),C.wuellerstorfi
6370.4,0.91,2.25,0.91,2.89,New data (this study),C.wuellerstorfi
6372.87,0.87,2.18,0.87,2.82,New data (this study),C.wuellerstorfi
6375.34,0.92,2.21,0.92,2.85,New data (this study),C.wuellerstorfi
6377.81,0.8,2.3,0.8,2.94,New data (this study),C.wuellerstorfi
6380.28,0.95,2.28,0.95,2.92,New data (this study),C.wuellerstorfi
6382.75,0.91,2.29,0.91,2.93,New data (this study),C.wuellerstorfi
6385.22,0.79,2.37,0.79,3.01,New data (this study),C.wuellerstorfi
6387.69,0.9,2.42,0.9,3.06,New data (this study),C.wuellerstorfi
6387.69,0.89,2.05,0.89,2.69,New data (this study),C.wuellerstorfi
6387.69,0.87,2.34,0.87,2.98,New data (this study),C.wuellerstorfi
6390.16,0.77,2.34,0.77,2.98,New data (this study),C.wuellerstorfi
6392.63,0.69,2.46,0.69,3.1,New data (this study),C.wuellerstorfi
6395.1,0.63,2.47,0.63,3.11,New data (this study),C.wuellerstorfi
6397.57,0.82,2.27,0.82,2.91,New data (this study),C.wuellerstorfi
6400.04,0.44,2.26,0.44,2.9,New data (this study),C.wuellerstorfi
6402.51,0.8,2.41,0.8,3.05,New data (this study),C.wuellerstorfi
6407.46,1,2.28,1,2.92,New data (this study),C.wuellerstorfi
6407.95,0.98,2.08,0.98,2.72,"Hodell et al., 2001",C.wuellerstorfi
6410.42,0.93,2.1,0.93,2.74,"Hodell et al., 2001",C.wuellerstorfi
6412.89,0.98,2.05,0.98,2.69,"Hodell et al., 2001",C.wuellerstorfi
6414.87,0.87,2.17,0.87,2.81,New data (this study),C.wuellerstorfi
6415.36,0.95,2.05,0.95,2.69,"Hodell et al., 2001",C.wuellerstorfi
6417.83,0.83,2.02,0.83,2.66,"Hodell et al., 2001",C.wuellerstorfi
6420.3,0.91,1.91,0.91,2.55,"Hodell et al., 2001",C.wuellerstorfi
6422.77,0.94,1.97,0.94,2.61,"Hodell et al., 2001",C.wuellerstorfi
6425.24,0.91,2.02,0.91,2.66,"Hodell et al., 2001",C.wuellerstorfi
6427.71,0.91,1.96,0.91,2.6,"Hodell et al., 2001",C.wuellerstorfi
6430.18,0.79,1.88,0.79,2.52,"Hodell et al., 2001",C.wuellerstorfi
6432.41,0.74,1.94,0.74,2.58,"Hodell et al., 2001",C.wuellerstorfi
6435.13,0.58,2.12,0.58,2.76,"Hodell et al., 2001",C.wuellerstorfi
6437.6,0.6,2.19,0.6,2.83,"Hodell et al., 2001",C.wuellerstorfi
6440.07,0.7,2.19,0.7,2.83,"Hodell et al., 2001",C.wuellerstorfi
6442.54,0.8,2.02,0.8,2.66,"Hodell et al., 2001",C.wuellerstorfi
6445.01,0.89,2.25,0.89,2.89,"Hodell et al., 2001",C.wuellerstorfi
6447.48,0.95,2.15,0.95,2.79,"Hodell et al., 2001",C.wuellerstorfi
6449.95,0.94,2.14,0.94,2.78,"Hodell et al., 2001",C.wuellerstorfi
6452.42,0.98,2.06,0.98,2.7,"Hodell et al., 2001",C.wuellerstorfi
6454.89,1,2.1,1,2.74,"Hodell et al., 2001",C.wuellerstorfi
6457.36,0.91,2.05,0.91,2.69,"Hodell et al., 2001",C.wuellerstorfi
6459.83,0.79,1.94,0.79,2.58,"Hodell et al., 2001",C.wuellerstorfi
6462.3,1.02,2.18,1.02,2.82,"Hodell et al., 2001",C.wuellerstorfi
6464.77,0.73,1.98,0.73,2.62,"Hodell et al., 2001",C.wuellerstorfi
6467.24,0.86,2.07,0.86,2.71,"Hodell et al., 2001",C.wuellerstorfi
6469.71,0.55,2.16,0.55,2.8,"Hodell et al., 2001",C.wuellerstorfi
6472.18,0.45,2.01,0.45,2.65,"Hodell et al., 2001",C.wuellerstorfi
6474.65,0.72,2.11,0.72,2.75,"Hodell et al., 2001",C.wuellerstorfi
6477.12,0.61,2.28,0.61,2.92,"Hodell et al., 2001",C.wuellerstorfi
6479.59,0.77,2.07,0.77,2.71,"Hodell et al., 2001",C.wuellerstorfi
6482.06,0.84,2.17,0.84,2.81,"Hodell et al., 2001",C.wuellerstorfi
6484.54,0.84,2.18,0.84,2.82,"Hodell et al., 2001",C.wuellerstorfi
6487.01,0.88,2.15,0.88,2.79,"Hodell et al., 2001",C.wuellerstorfi
6491.95,0.78,2.11,0.78,2.75,"Hodell et al., 2001",C.wuellerstorfi
6494.42,0.77,2.09,0.77,2.73,"Hodell et al., 2001",C.wuellerstorfi
6496.89,0.74,2.09,0.74,2.73,"Hodell et al., 2001",C.wuellerstorfi
6499.36,0.63,2.05,0.63,2.69,"Hodell et al., 2001",C.wuellerstorfi
6501.83,0.67,1.99,0.67,2.63,"Hodell et al., 2001",C.wuellerstorfi
6504.3,0.89,2.08,0.89,2.72,"Hodell et al., 2001",C.wuellerstorfi
6505.53,0.84,2.01,0.84,2.65,"Hodell et al., 2001",C.wuellerstorfi
6509.24,0.91,2.02,0.91,2.66,"Hodell et al., 2001",C.wuellerstorfi
6511.71,0.87,2.08,0.87,2.72,"Hodell et al., 2001",C.wuellerstorfi
6514.18,0.87,2.04,0.87,2.68,"Hodell et al., 2001",C.wuellerstorfi
6516.65,0.94,2.11,0.94,2.75,"Hodell et al., 2001",C.wuellerstorfi
6519.12,0.9,2.15,0.9,2.79,"Hodell et al., 2001",C.wuellerstorfi
6521.59,0.86,2.08,0.86,2.72,"Hodell et al., 2001",C.wuellerstorfi
6524.06,0.94,2.12,0.94,2.76,"Hodell et al., 2001",C.wuellerstorfi
6526.53,0.76,2.02,0.76,2.66,"Hodell et al., 2001",C.wuellerstorfi
6529,0.75,2.07,0.75,2.71,"Hodell et al., 2001",C.wuellerstorfi
6533.95,0.84,2.25,0.84,2.89,"Hodell et al., 2001",C.wuellerstorfi
6536.42,0.81,2.13,0.81,2.77,"Hodell et al., 2001",C.wuellerstorfi
6538.89,0.95,2.28,0.95,2.92,"Hodell et al., 2001",C.wuellerstorfi
6541.36,0.82,2.2,0.82,2.84,"Hodell et al., 2001",C.wuellerstorfi
6543.83,0.78,2.04,0.78,2.68,"Hodell et al., 2001",C.wuellerstorfi
6546.3,0.84,2.09,0.84,2.73,"Hodell et al., 2001",C.wuellerstorfi
6548.77,0.89,2.12,0.89,2.76,"Hodell et al., 2001",C.wuellerstorfi
6551.24,0.78,2.07,0.78,2.71,"Hodell et al., 2001",C.wuellerstorfi
6553.71,0.84,2.09,0.84,2.73,"Hodell et al., 2001",C.wuellerstorfi
6556.18,0.91,2.19,0.91,2.83,"Hodell et al., 2001",C.wuellerstorfi
6558.65,0.82,2.16,0.82,2.8,"Hodell et al., 2001",C.wuellerstorfi
6561.12,0.76,2.17,0.76,2.81,"Hodell et al., 2001",C.wuellerstorfi
6563.59,0.74,2.12,0.74,2.76,"Hodell et al., 2001",C.wuellerstorfi
6566.06,0.89,2.19,0.89,2.83,"Hodell et al., 2001",C.wuellerstorfi
6568.53,0.69,2.11,0.69,2.75,"Hodell et al., 2001",C.wuellerstorfi
6571,0.71,2.08,0.71,2.72,"Hodell et al., 2001",C.wuellerstorfi
6573.47,0.59,2.16,0.59,2.8,"Hodell et al., 2001",C.wuellerstorfi
6575.94,0.62,2.25,0.62,2.89,"Hodell et al., 2001",C.wuellerstorfi
6578.41,0.49,2.18,0.49,2.82,"Hodell et al., 2001",C.wuellerstorfi
6579.16,0.68,2.11,0.68,2.75,"Hodell et al., 2001",C.wuellerstorfi
6580.89,0.38,2.15,0.38,2.79,"Hodell et al., 2001",C.wuellerstorfi
6581.63,0.74,2.13,0.74,2.77,"Hodell et al., 2001",C.wuellerstorfi
6583.36,0.66,2.27,0.66,2.91,"Hodell et al., 2001",C.wuellerstorfi
6584.1,0.35,2.23,0.35,2.87,"Hodell et al., 2001",C.wuellerstorfi
6585.83,0.73,2.2,0.73,2.84,"Hodell et al., 2001",C.wuellerstorfi
6586.57,0.55,2.21,0.55,2.85,"Hodell et al., 2001",C.wuellerstorfi
6588.3,0.7,2.15,0.7,2.79,"Hodell et al., 2001",C.wuellerstorfi
6589.04,0.39,2.24,0.39,2.88,"Hodell et al., 2001",C.wuellerstorfi
6591.51,0.7,2.07,0.7,2.71,"Hodell et al., 2001",C.wuellerstorfi
6593.98,0.75,2.05,0.75,2.69,"Hodell et al., 2001",C.wuellerstorfi
6596.45,0.86,2.18,0.86,2.82,"Hodell et al., 2001",C.wuellerstorfi
6598.92,0.61,2.04,0.61,2.68,"Hodell et al., 2001",C.wuellerstorfi
6603.86,0.82,2.21,0.82,2.85,"Hodell et al., 2001",C.wuellerstorfi
6606.08,0.83,2.21,0.83,2.85,"Hodell et al., 2001",C.wuellerstorfi
6608.8,0.7,2.14,0.7,2.78,"Hodell et al., 2001",C.wuellerstorfi
6611.27,0.54,2.11,0.54,2.75,"Hodell et al., 2001",C.wuellerstorfi
6613.74,0.77,2.18,0.77,2.82,"Hodell et al., 2001",C.wuellerstorfi
6616.21,0.39,2.15,0.39,2.79,"Hodell et al., 2001",C.wuellerstorfi
6618.68,0.61,2.17,0.61,2.81,"Hodell et al., 2001",C.wuellerstorfi
6621.15,0.71,2.18,0.71,2.82,"Hodell et al., 2001",C.wuellerstorfi
6623.63,0.51,2.15,0.51,2.79,"Hodell et al., 2001",C.wuellerstorfi
6626.1,0.75,2.15,0.75,2.79,"Hodell et al., 2001",C.wuellerstorfi
6628.57,0.81,2.17,0.81,2.81,"Hodell et al., 2001",C.wuellerstorfi
6631.53,0.83,2.09,0.83,2.73,"Hodell et al., 2001",C.wuellerstorfi
6634,0.8,2.18,0.8,2.82,"Hodell et al., 2001",C.wuellerstorfi
6636.47,0.71,2.07,0.71,2.71,"Hodell et al., 2001",C.wuellerstorfi
6638.94,0.63,2.08,0.63,2.72,"Hodell et al., 2001",C.wuellerstorfi
6641.41,0.38,2.13,0.38,2.77,"Hodell et al., 2001",C.wuellerstorfi
6643.88,0.57,2.13,0.57,2.77,"Hodell et al., 2001",C.wuellerstorfi
6646.35,0.52,2.21,0.52,2.85,"Hodell et al., 2001",C.wuellerstorfi
6648.82,0.42,2.25,0.42,2.89,"Hodell et al., 2001",C.wuellerstorfi
6651.3,0.39,2.21,0.39,2.85,"Hodell et al., 2001",C.wuellerstorfi
6653.77,0.64,2.21,0.64,2.85,"Hodell et al., 2001",C.wuellerstorfi
6656.24,0.57,2.12,0.57,2.76,"Hodell et al., 2001",C.wuellerstorfi
6661.18,0.46,2.18,0.46,2.82,"Hodell et al., 2001",C.wuellerstorfi
6663.65,0.49,2.11,0.49,2.75,"Hodell et al., 2001",C.wuellerstorfi
6666.12,0.53,2.22,0.53,2.86,"Hodell et al., 2001",C.wuellerstorfi
6668.59,0.67,2.08,0.67,2.72,"Hodell et al., 2001",C.wuellerstorfi
6671.06,0.55,2.03,0.55,2.67,"Hodell et al., 2001",C.wuellerstorfi
6673.53,0.7,2.13,0.7,2.77,"Hodell et al., 2001",C.wuellerstorfi
6676,0.61,1.97,0.61,2.61,"Hodell et al., 2001",C.wuellerstorfi
6679.5,0.42,1.96,0.42,2.6,"Hodell et al., 2001",C.wuellerstorfi
6682.18,0.45,2.2,0.45,2.84,"Hodell et al., 2001",C.wuellerstorfi
6684.25,0.56,2.3,0.56,2.94,"Hodell et al., 2001",C.wuellerstorfi
6686.31,0.28,2.29,0.28,2.93,"Hodell et al., 2001",C.wuellerstorfi
6688.37,0.15,2.23,0.15,2.87,"Hodell et al., 2001",C.wuellerstorfi
6690.43,0.36,2.43,0.36,3.07,"Hodell et al., 2001",C.wuellerstorfi
6692.49,0.41,2.08,0.41,2.72,"Hodell et al., 2001",C.wuellerstorfi
6694.55,0.46,2.17,0.46,2.81,"Hodell et al., 2001",C.wuellerstorfi
6696.61,0.67,2.1,0.67,2.74,"Hodell et al., 2001",C.wuellerstorfi
6698.67,0.64,2.2,0.64,2.84,"Hodell et al., 2001",C.wuellerstorfi
6700.74,0.57,2.06,0.57,2.7,"Hodell et al., 2001",C.wuellerstorfi
6702.8,0.47,2.05,0.47,2.69,"Hodell et al., 2001",C.wuellerstorfi
6704.86,0.49,2.16,0.49,2.8,"Hodell et al., 2001",C.wuellerstorfi
6706.92,0.66,2.29,0.66,2.93,"Hodell et al., 2001",C.wuellerstorfi
6708.98,0.71,2.24,0.71,2.88,"Hodell et al., 2001",C.wuellerstorfi
6711.04,0.82,2.13,0.82,2.77,"Hodell et al., 2001",C.wuellerstorfi
6713.1,0.8,2.2,0.8,2.84,"Hodell et al., 2001",C.wuellerstorfi
6717.23,0.7,2.18,0.7,2.82,"Hodell et al., 2001",C.wuellerstorfi
6719.29,0.73,2.19,0.73,2.83,"Hodell et al., 2001",C.wuellerstorfi
6721.35,0.74,2.21,0.74,2.85,"Hodell et al., 2001",C.wuellerstorfi
6723.41,0.74,2.21,0.74,2.85,"Hodell et al., 2001",C.wuellerstorfi
6725.47,0.62,2.14,0.62,2.78,"Hodell et al., 2001",C.wuellerstorfi
6727.53,0.76,2.19,0.76,2.83,"Hodell et al., 2001",C.wuellerstorfi
6729.6,0.83,2.15,0.83,2.79,"Hodell et al., 2001",C.wuellerstorfi
6731.66,0.76,2.15,0.76,2.79,"Hodell et al., 2001",C.wuellerstorfi
6733.72,0.91,2.07,0.91,2.71,"Hodell et al., 2001",C.wuellerstorfi
6735.78,0.89,2.03,0.89,2.67,"Hodell et al., 2001",C.wuellerstorfi
6737.84,0.93,2.02,0.93,2.66,"Hodell et al., 2001",C.wuellerstorfi
6739.9,0.84,1.99,0.84,2.63,"Hodell et al., 2001",C.wuellerstorfi
6741.76,0.79,2.09,0.79,2.73,"Hodell et al., 2001",C.wuellerstorfi
6744.02,0.83,2.16,0.83,2.8,"Hodell et al., 2001",C.wuellerstorfi
6746.09,0.78,2.13,0.78,2.77,"Hodell et al., 2001",C.wuellerstorfi
6748.15,0.76,2.1,0.76,2.74,"Hodell et al., 2001",C.wuellerstorfi
6750.21,0.69,2.18,0.69,2.82,"Hodell et al., 2001",C.wuellerstorfi
6752.27,0.56,2.02,0.56,2.66,"Hodell et al., 2001",C.wuellerstorfi
6754.33,0.48,2.01,0.48,2.65,"Hodell et al., 2001",C.wuellerstorfi
6756.39,0.5,2.14,0.5,2.78,"Hodell et al., 2001",C.wuellerstorfi
6758.45,0.6,2.12,0.6,2.76,"Hodell et al., 2001",C.wuellerstorfi
6760.52,0.51,2.22,0.51,2.86,"Hodell et al., 2001",C.wuellerstorfi
6762.58,0.48,2.1,0.48,2.74,"Hodell et al., 2001",C.wuellerstorfi
6764.64,0.68,2.21,0.68,2.85,"Hodell et al., 2001",C.wuellerstorfi
6766.7,0.58,2.1,0.58,2.74,"Hodell et al., 2001",C.wuellerstorfi
6768.76,0.79,2.08,0.79,2.72,"Hodell et al., 2001",C.wuellerstorfi
6770.82,0.77,2.03,0.77,2.67,"Hodell et al., 2001",C.wuellerstorfi
6772.88,0.81,2.06,0.81,2.7,"Hodell et al., 2001",C.wuellerstorfi
6774.94,0.81,2.04,0.81,2.68,"Hodell et al., 2001",C.wuellerstorfi
6777.01,0.81,1.91,0.81,2.55,"Hodell et al., 2001",C.wuellerstorfi
6779.07,0.85,2.03,0.85,2.67,"Hodell et al., 2001",C.wuellerstorfi
6781.13,0.75,1.88,0.75,2.52,"Hodell et al., 2001",C.wuellerstorfi
6783.19,0.81,1.95,0.81,2.59,"Hodell et al., 2001",C.wuellerstorfi
6785.25,0.78,2.04,0.78,2.68,"Hodell et al., 2001",C.wuellerstorfi
6789.37,0.86,2.13,0.86,2.77,"Hodell et al., 2001",C.wuellerstorfi
6790.4,0.86,2.11,0.86,2.75,"Hodell et al., 2001",C.wuellerstorfi
6792.47,0.79,2.16,0.79,2.8,"Hodell et al., 2001",C.wuellerstorfi
6794.53,0.41,2.16,0.41,2.8,"Hodell et al., 2001",C.wuellerstorfi
6796.59,1.04,2.29,1.04,2.93,"Hodell et al., 2001",C.wuellerstorfi
6798.65,0.86,2.15,0.86,2.79,"Hodell et al., 2001",C.wuellerstorfi
6800.71,0.68,2.05,0.68,2.69,"Hodell et al., 2001",C.wuellerstorfi
6802.77,0.78,2.07,0.78,2.71,"Hodell et al., 2001",C.wuellerstorfi
6804.83,0.81,2.06,0.81,2.7,"Hodell et al., 2001",C.wuellerstorfi
6806.9,0.64,2.16,0.64,2.8,"Hodell et al., 2001",C.wuellerstorfi
6808.96,0.85,2.22,0.85,2.86,"Hodell et al., 2001",C.wuellerstorfi
6811.02,0.69,2.15,0.69,2.79,"Hodell et al., 2001",C.wuellerstorfi
6813.08,0.75,2.16,0.75,2.8,"Hodell et al., 2001",C.wuellerstorfi
6815.14,0.82,2.21,0.82,2.85,"Hodell et al., 2001",C.wuellerstorfi
6817.2,0.83,2.08,0.83,2.72,"Hodell et al., 2001",C.wuellerstorfi
6819.26,1.03,2.09,1.03,2.73,"Hodell et al., 2001",C.wuellerstorfi
6823.39,0.74,2.19,0.74,2.83,"Hodell et al., 2001",C.wuellerstorfi
6825.45,0.86,2.06,0.86,2.7,"Hodell et al., 2001",C.wuellerstorfi
6827.51,0.89,2.07,0.89,2.71,"Hodell et al., 2001",C.wuellerstorfi
6829.57,1.01,2.17,1.01,2.81,"Hodell et al., 2001",C.wuellerstorfi
6831.63,1.11,2.25,1.11,2.89,"Hodell et al., 2001",C.wuellerstorfi
6833.69,0.87,2.05,0.87,2.69,"Hodell et al., 2001",C.wuellerstorfi
6837.82,0.66,1.9,0.66,2.54,"Hodell et al., 2001",C.wuellerstorfi
6840.08,0.84,2.14,0.84,2.78,New data (this study),C.wuellerstorfi
6841.94,0.8,2.12,0.8,2.76,"Hodell et al., 2001",C.wuellerstorfi
6844,0.74,1.98,0.74,2.62,"Hodell et al., 2001",C.wuellerstorfi
6850.38,0.49,1.83,0.49,2.47,"Hodell et al., 2001",C.wuellerstorfi
6852.5,0.72,2.18,0.72,2.82,"Hodell et al., 2001",C.wuellerstorfi
6854.63,0.64,2.14,0.64,2.78,"Hodell et al., 2001",C.wuellerstorfi
6856.76,0.79,2.38,0.79,3.02,"Hodell et al., 2001",C.wuellerstorfi
6858.67,0.7,2.31,0.7,2.95,New data (this study),C.wuellerstorfi
6861.22,0.64,2.36,0.64,3,New data (this study),C.wuellerstorfi
6862.71,0.57,2.38,0.57,3.02,"Hodell et al., 2001",C.wuellerstorfi
6863.35,0.54,2.38,0.54,3.02,New data (this study),C.wuellerstorfi
6864.84,0.48,2.35,0.48,2.99,"Hodell et al., 2001",C.wuellerstorfi
6865.47,0.59,2.39,0.59,3.03,New data (this study),C.wuellerstorfi
6866.96,0.62,2.36,0.62,3,"Hodell et al., 2001",C.wuellerstorfi
6867.6,0.28,2.34,0.28,2.98,New data (this study),C.wuellerstorfi
6867.6,0.28,2.35,0.28,2.99,New data (this study),C.wuellerstorfi
6869.09,0.55,2.35,0.55,2.99,"Hodell et al., 2001",C.wuellerstorfi
6871.21,0.31,2.27,0.31,2.91,"Hodell et al., 2001",C.wuellerstorfi
6873.34,0.95,2.32,0.95,2.96,"Hodell et al., 2001",C.wuellerstorfi
6875.47,1.03,2.25,1.03,2.89,"Hodell et al., 2001",C.wuellerstorfi
6877.59,1.03,2.29,1.03,2.93,"Hodell et al., 2001",C.wuellerstorfi
6879.72,1.07,2.02,1.07,2.66,"Hodell et al., 2001",C.wuellerstorfi
6881.85,0.95,2.12,0.95,2.76,"Hodell et al., 2001",C.wuellerstorfi
6883.97,1.01,2.13,1.01,2.77,"Hodell et al., 2001",C.wuellerstorfi
6886.1,0.98,2.24,0.98,2.88,"Hodell et al., 2001",C.wuellerstorfi
6888.22,0.76,1.91,0.76,2.55,"Hodell et al., 2001",C.wuellerstorfi
6890.35,0.9,2.24,0.9,2.88,"Hodell et al., 2001",C.wuellerstorfi
6892.48,0.56,2.19,0.56,2.83,"Hodell et al., 2001",C.wuellerstorfi
6894.6,0.79,2.22,0.79,2.86,"Hodell et al., 2001",C.wuellerstorfi
6896.73,0.55,2.04,0.55,2.68,"Hodell et al., 2001",C.wuellerstorfi
6898.85,0.74,2.16,0.74,2.8,"Hodell et al., 2001",C.wuellerstorfi
6900.98,0.84,2.19,0.84,2.83,"Hodell et al., 2001",C.wuellerstorfi
6903.11,0.91,2.28,0.91,2.92,"Hodell et al., 2001",C.wuellerstorfi
6905.23,0.82,2.29,0.82,2.93,"Hodell et al., 2001",C.wuellerstorfi
6907.36,0.77,2.22,0.77,2.86,"Hodell et al., 2001",C.wuellerstorfi
6909.49,0.91,2.27,0.91,2.91,"Hodell et al., 2001",C.wuellerstorfi
6911.61,0.74,2.23,0.74,2.87,"Hodell et al., 2001",C.wuellerstorfi
6913.74,0.81,2.22,0.81,2.86,"Hodell et al., 2001",C.wuellerstorfi
6915.86,0.99,2.24,0.99,2.88,"Hodell et al., 2001",C.wuellerstorfi
6917.99,0.75,2.38,0.75,3.02,"Hodell et al., 2001",C.wuellerstorfi
6920.12,0.99,2.24,0.99,2.88,"Hodell et al., 2001",C.wuellerstorfi
6922.24,0.91,2.13,0.91,2.77,"Hodell et al., 2001",C.wuellerstorfi
6924.37,0.85,2.12,0.85,2.76,"Hodell et al., 2001",C.wuellerstorfi
6926.49,0.92,2.19,0.92,2.83,"Hodell et al., 2001",C.wuellerstorfi
6928.62,0.77,2.27,0.77,2.91,"Hodell et al., 2001",C.wuellerstorfi
6930.75,0.84,2.12,0.84,2.76,"Hodell et al., 2001",C.wuellerstorfi
6932.87,0.91,2.1,0.91,2.74,"Hodell et al., 2001",C.wuellerstorfi
6935,0.8,2.15,0.8,2.79,"Hodell et al., 2001",C.wuellerstorfi
6939.46,0.83,2.35,0.83,2.99,New data (this study),C.wuellerstorfi
6941.59,0.71,2.31,0.71,2.95,New data (this study),C.wuellerstorfi
6941.59,0.75,2.25,0.75,2.89,New data (this study),C.wuellerstorfi
6943.72,0.88,2.34,0.88,2.98,New data (this study),C.wuellerstorfi
6945.84,0.9,2.29,0.9,2.93,New data (this study),C.wuellerstorfi
6947.97,0.96,2.32,0.96,2.96,New data (this study),C.wuellerstorfi
6950.09,0.88,2.21,0.88,2.85,New data (this study),C.wuellerstorfi
6952.22,0.92,2.31,0.92,2.95,New data (this study),C.wuellerstorfi
6954.35,0.75,2.27,0.75,2.91,New data (this study),C.wuellerstorfi
6956.47,0.84,2.21,0.84,2.85,New data (this study),C.wuellerstorfi
6958.6,0.9,2.27,0.9,2.91,New data (this study),C.wuellerstorfi
6960.73,0.72,2.03,0.72,2.67,New data (this study),C.wuellerstorfi
6962.85,0.84,2.22,0.84,2.86,New data (this study),C.wuellerstorfi
6964.98,0.67,2.11,0.67,2.75,New data (this study),C.wuellerstorfi
6967.1,0.71,1.99,0.71,2.63,New data (this study),C.wuellerstorfi
6967.1,0.76,1.94,0.76,2.58,New data (this study),C.wuellerstorfi
6969.23,0.63,2.14,0.63,2.78,New data (this study),C.wuellerstorfi
6971.36,0.57,2.27,0.57,2.91,New data (this study),C.wuellerstorfi
6973.48,0.58,2.23,0.58,2.87,New data (this study),C.wuellerstorfi
6975.61,0.82,2.27,0.82,2.91,New data (this study),C.wuellerstorfi
6977.73,1.15,2.38,1.15,3.02,New data (this study),C.wuellerstorfi
6979.86,0.8,2.25,0.8,2.89,New data (this study),C.wuellerstorfi
6981.99,1.1,2.12,1.1,2.76,New data (this study),C.wuellerstorfi
6984.11,1.09,2.2,1.09,2.84,New data (this study),C.wuellerstorfi
6984.11,1.04,2.14,1.04,2.78,New data (this study),C.wuellerstorfi
6986.24,1.12,2.26,1.12,2.9,New data (this study),C.wuellerstorfi
6988.37,1.08,2.14,1.08,2.78,New data (this study),C.wuellerstorfi
6989.22,0.78,2.11,0.78,2.75,"Hodell et al., 2001",C.wuellerstorfi
6990.49,1.06,2.11,1.06,2.75,New data (this study),C.wuellerstorfi
6991.34,1.2,2.06,1.2,2.7,"Hodell et al., 2001",C.wuellerstorfi
6992.62,1.13,2.09,1.13,2.73,New data (this study),C.wuellerstorfi
6993.47,1.19,2.06,1.19,2.7,"Hodell et al., 2001",C.wuellerstorfi
6994.74,1.16,1.98,1.16,2.62,New data (this study),C.wuellerstorfi
6995.59,1.01,2.19,1.01,2.83,"Hodell et al., 2001",C.wuellerstorfi
6996.87,1.09,2.1,1.09,2.74,New data (this study),C.wuellerstorfi
6997.72,1.09,2.01,1.09,2.65,"Hodell et al., 2001",C.wuellerstorfi
6999.85,0.92,2.08,0.92,2.72,"Hodell et al., 2001",C.wuellerstorfi
7001.97,1.12,2.11,1.12,2.75,"Hodell et al., 2001",C.wuellerstorfi
7004.1,0.99,2.01,0.99,2.65,"Hodell et al., 2001",C.wuellerstorfi
7008.35,0.95,2.15,0.95,2.79,"Hodell et al., 2001",C.wuellerstorfi
7014.73,0.75,2.3,0.75,2.94,"Hodell et al., 2001",C.wuellerstorfi
7016.86,0.63,2.23,0.63,2.87,"Hodell et al., 2001",C.wuellerstorfi
7021.11,0.83,2.22,0.83,2.86,"Hodell et al., 2001",C.wuellerstorfi
7023.23,0.33,2.35,0.33,2.99,"Hodell et al., 2001",C.wuellerstorfi
7025.36,0.89,2.03,0.89,2.67,"Hodell et al., 2001",C.wuellerstorfi
7027.49,0.98,1.93,0.98,2.57,"Hodell et al., 2001",C.wuellerstorfi
7029.61,0.81,1.98,0.81,2.62,"Hodell et al., 2001",C.wuellerstorfi
7031.74,0.99,1.99,0.99,2.63,"Hodell et al., 2001",C.wuellerstorfi
7035.99,1.19,2.14,1.19,2.78,"Hodell et al., 2001",C.wuellerstorfi
7038.12,0.96,2.27,0.96,2.91,"Hodell et al., 2001",C.wuellerstorfi
7040.24,0.8,2.04,0.8,2.68,"Hodell et al., 2001",C.wuellerstorfi
7042.37,0.96,2.19,0.96,2.83,"Hodell et al., 2001",C.wuellerstorfi
7044.5,0.9,2.11,0.9,2.75,"Hodell et al., 2001",C.wuellerstorfi
7046.62,0.9,2.05,0.9,2.69,"Hodell et al., 2001",C.wuellerstorfi
7048.75,0.88,2.02,0.88,2.66,"Hodell et al., 2001",C.wuellerstorfi
7053,0.56,1.94,0.56,2.58,"Hodell et al., 2001",C.wuellerstorfi
7055.06,0.6,2.03,0.6,2.67,"Hodell et al., 2001",C.wuellerstorfi
7057.12,0.76,2.19,0.76,2.83,"Hodell et al., 2001",C.wuellerstorfi
7059.18,0.71,2.27,0.71,2.91,"Hodell et al., 2001",C.wuellerstorfi
7063.3,0.46,2.38,0.46,3.02,"Hodell et al., 2001",C.wuellerstorfi
7065.36,1,2.09,1,2.73,"Hodell et al., 2001",C.wuellerstorfi
7067.42,0.87,2.18,0.87,2.82,"Hodell et al., 2001",C.wuellerstorfi
7069.48,0.74,1.98,0.74,2.62,"Hodell et al., 2001",C.wuellerstorfi
7071.55,0.91,1.43,0.91,2.07,"Hodell et al., 2001",C.wuellerstorfi
7073.61,1.06,2.24,1.06,2.88,"Hodell et al., 2001",C.wuellerstorfi
7075.67,0.97,2.11,0.97,2.75,"Hodell et al., 2001",C.wuellerstorfi
7077.73,1,2.32,1,2.96,"Hodell et al., 2001",C.wuellerstorfi
7079.79,1.14,2.3,1.14,2.94,"Hodell et al., 2001",C.wuellerstorfi
7081.85,1.11,2.23,1.11,2.87,"Hodell et al., 2001",C.wuellerstorfi
7083.91,0.96,2.15,0.96,2.79,"Hodell et al., 2001",C.wuellerstorfi
7085.97,0.91,2.22,0.91,2.86,"Hodell et al., 2001",C.wuellerstorfi
7087,1.18,2.28,1.18,2.92,"Hodell et al., 2001",C.wuellerstorfi
7088.03,1.13,2.14,1.13,2.78,"Hodell et al., 2001",C.wuellerstorfi
7090.09,1.03,1.96,1.03,2.6,"Hodell et al., 2001",C.wuellerstorfi
7091.12,0.98,2.33,0.98,2.97,"Hodell et al., 2001",C.wuellerstorfi
7092.15,0.97,2.3,0.97,2.94,"Hodell et al., 2001",C.wuellerstorfi
7093.18,1.01,2.27,1.01,2.91,"Hodell et al., 2001",C.wuellerstorfi
7094.21,1.26,2.43,1.26,3.07,"Hodell et al., 2001",C.wuellerstorfi
7095.24,0.73,2.16,0.73,2.8,"Hodell et al., 2001",C.wuellerstorfi
7096.27,1.05,2.15,1.05,2.79,"Hodell et al., 2001",C.wuellerstorfi
7097.3,1.15,2.24,1.15,2.88,"Hodell et al., 2001",C.wuellerstorfi
7098.33,1.16,2.24,1.16,2.88,"Hodell et al., 2001",C.wuellerstorfi
7099.36,1.04,2.13,1.04,2.77,"Hodell et al., 2001",C.wuellerstorfi
7100.39,1.15,2.16,1.15,2.8,"Hodell et al., 2001",C.wuellerstorfi
7101.42,1.08,2.25,1.08,2.89,"Hodell et al., 2001",C.wuellerstorfi
7102.45,1.25,2.2,1.25,2.84,"Hodell et al., 2001",C.wuellerstorfi
7103.48,0.97,2.23,0.97,2.87,"Hodell et al., 2001",C.wuellerstorfi
7104.52,1.28,2.17,1.28,2.81,"Hodell et al., 2001",C.wuellerstorfi
7105.55,1.15,2.1,1.15,2.74,"Hodell et al., 2001",C.wuellerstorfi
7106.58,1.2,2.18,1.2,2.82,"Hodell et al., 2001",C.wuellerstorfi
7107.61,1.04,2.13,1.04,2.77,"Hodell et al., 2001",C.wuellerstorfi
7109.67,1.2,2.1,1.2,2.74,"Hodell et al., 2001",C.wuellerstorfi
7110.7,0.83,2.04,0.83,2.68,"Hodell et al., 2001",C.wuellerstorfi
7111.73,1.14,2.14,1.14,2.78,"Hodell et al., 2001",C.wuellerstorfi
7112.76,1.03,2.03,1.03,2.67,"Hodell et al., 2001",C.wuellerstorfi
7113.79,1.16,1.99,1.16,2.63,"Hodell et al., 2001",C.wuellerstorfi
7114.82,1.11,2.06,1.11,2.7,"Hodell et al., 2001",C.wuellerstorfi
7115.85,1.08,1.99,1.08,2.63,"Hodell et al., 2001",C.wuellerstorfi
7116.88,1.14,1.96,1.14,2.6,"Hodell et al., 2001",C.wuellerstorfi
7117.91,1.06,2,1.06,2.64,"Hodell et al., 2001",C.wuellerstorfi
7122.03,0.99,2.01,0.99,2.65,"Hodell et al., 2001",C.wuellerstorfi
7123.06,0.94,2.06,0.94,2.7,"Hodell et al., 2001",C.wuellerstorfi
7124.09,1.06,2.11,1.06,2.75,"Hodell et al., 2001",C.wuellerstorfi
7125.12,1.09,2.09,1.09,2.73,"Hodell et al., 2001",C.wuellerstorfi
7126.15,0.97,2.1,0.97,2.74,"Hodell et al., 2001",C.wuellerstorfi
7127.18,0.87,1.94,0.87,2.58,"Hodell et al., 2001",C.wuellerstorfi
7128.21,1,1.97,1,2.61,"Hodell et al., 2001",C.wuellerstorfi
7129.24,1.05,2.04,1.05,2.68,"Hodell et al., 2001",C.wuellerstorfi
7130.27,1,1.96,1,2.6,"Hodell et al., 2001",C.wuellerstorfi
7131.3,0.99,2.11,0.99,2.75,"Hodell et al., 2001",C.wuellerstorfi
7132.33,0.97,2.08,0.97,2.72,"Hodell et al., 2001",C.wuellerstorfi
7133.36,0.93,2.17,0.93,2.81,"Hodell et al., 2001",C.wuellerstorfi
7134.39,0.99,2.22,0.99,2.86,"Hodell et al., 2001",C.wuellerstorfi
7135.42,0.86,2.21,0.86,2.85,"Hodell et al., 2001",C.wuellerstorfi
7136.45,0.84,2.29,0.84,2.93,"Hodell et al., 2001",C.wuellerstorfi
7137.48,0.81,2.23,0.81,2.87,"Hodell et al., 2001",C.wuellerstorfi
7138.51,0.91,2.29,0.91,2.93,"Hodell et al., 2001",C.wuellerstorfi
7139.55,0.8,2.27,0.8,2.91,"Hodell et al., 2001",C.wuellerstorfi
7140.58,0.8,2.14,0.8,2.78,"Hodell et al., 2001",C.wuellerstorfi
7141.61,1.01,2.23,1.01,2.87,"Hodell et al., 2001",C.wuellerstorfi
7142.64,0.95,2.22,0.95,2.86,"Hodell et al., 2001",C.wuellerstorfi
7143.67,1.16,2.19,1.16,2.83,"Hodell et al., 2001",C.wuellerstorfi
7144.7,1.02,2.07,1.02,2.71,"Hodell et al., 2001",C.wuellerstorfi
7145.73,1.08,2.05,1.08,2.69,"Hodell et al., 2001",C.wuellerstorfi
7146.76,1.21,2.13,1.21,2.77,"Hodell et al., 2001",C.wuellerstorfi
7148.82,1.01,2.11,1.01,2.75,"Hodell et al., 2001",C.wuellerstorfi
7150.88,1.16,1.99,1.16,2.63,"Hodell et al., 2001",C.wuellerstorfi
7152.94,1.01,1.99,1.01,2.63,"Hodell et al., 2001",C.wuellerstorfi
7155,1.23,1.89,1.23,2.53,"Hodell et al., 2001",C.wuellerstorfi
7157.33,1.18,1.86,1.18,2.5,"Hodell et al., 2001",C.wuellerstorfi
7159.66,1.28,1.92,1.28,2.56,"Hodell et al., 2001",C.wuellerstorfi
7161.98,0.82,1.85,0.82,2.49,"Hodell et al., 2001",C.wuellerstorfi
7164.31,1.13,1.91,1.13,2.55,"Hodell et al., 2001",C.wuellerstorfi
7166.64,0.95,1.96,0.95,2.6,"Hodell et al., 2001",C.wuellerstorfi
7168.97,1.02,1.98,1.02,2.62,"Hodell et al., 2001",C.wuellerstorfi
7171.3,1.02,2.07,1.02,2.71,"Hodell et al., 2001",C.wuellerstorfi
7173.63,0.99,1.95,0.99,2.59,"Hodell et al., 2001",C.wuellerstorfi
7175.95,0.88,2.14,0.88,2.78,"Hodell et al., 2001",C.wuellerstorfi
7180.61,0.93,2.15,0.93,2.79,"Hodell et al., 2001",C.wuellerstorfi
7182.94,0.89,2.12,0.89,2.76,"Hodell et al., 2001",C.wuellerstorfi
7185.27,0.96,2.23,0.96,2.87,"Hodell et al., 2001",C.wuellerstorfi
7187.59,1.03,2.31,1.03,2.95,"Hodell et al., 2001",C.wuellerstorfi
7189.92,0.81,2.13,0.81,2.77,"Hodell et al., 2001",C.wuellerstorfi
7192.25,1.1,2.17,1.1,2.81,"Hodell et al., 2001",C.wuellerstorfi
7194.58,1.21,2.13,1.21,2.77,"Hodell et al., 2001",C.wuellerstorfi
7196.91,0.88,2.1,0.88,2.74,"Hodell et al., 2001",C.wuellerstorfi
7197.14,1.17,2.09,1.17,2.73,New data (this study),C.wuellerstorfi
7199.24,1.24,1.91,1.24,2.55,"Hodell et al., 2001",C.wuellerstorfi
7199.47,1.2,2,1.2,2.64,New data (this study),C.wuellerstorfi
7201.56,1.1,1.97,1.1,2.61,"Hodell et al., 2001",C.wuellerstorfi
7201.8,0.99,1.85,0.99,2.49,New data (this study),C.wuellerstorfi
7203.89,0.75,1.98,0.75,2.62,"Hodell et al., 2001",C.wuellerstorfi
7204.12,1.29,2.03,1.29,2.67,New data (this study),C.wuellerstorfi
7206.45,1.13,2,1.13,2.64,New data (this study),C.wuellerstorfi
7208.78,1.31,2.15,1.31,2.79,New data (this study),C.wuellerstorfi
7211.11,1.18,2.11,1.18,2.75,New data (this study),C.wuellerstorfi
7211.11,1.29,2,1.29,2.64,New data (this study),C.wuellerstorfi
7213.44,1.13,2.15,1.13,2.79,New data (this study),C.wuellerstorfi
7215.77,1.23,2.14,1.23,2.78,New data (this study),C.wuellerstorfi
7218.09,1.18,2.2,1.18,2.84,New data (this study),C.wuellerstorfi
7220.42,1.17,2.17,1.17,2.81,New data (this study),C.wuellerstorfi
7225.08,1.18,2.31,1.18,2.95,New data (this study),C.wuellerstorfi
7227.87,0.97,2.11,0.97,2.75,New data (this study),C.wuellerstorfi
7229.73,1.09,2.29,1.09,2.93,New data (this study),C.wuellerstorfi
7232.06,1.08,2.25,1.08,2.89,New data (this study),C.wuellerstorfi
7234.39,1.06,2.23,1.06,2.87,New data (this study),C.wuellerstorfi
7234.39,1.19,2.25,1.19,2.89,New data (this study),C.wuellerstorfi
7236.72,1.09,2.17,1.09,2.81,New data (this study),C.wuellerstorfi
7239.05,1.09,2.12,1.09,2.76,New data (this study),C.wuellerstorfi
7241.38,1.33,2.12,1.33,2.76,New data (this study),C.wuellerstorfi
7243.7,1.21,2.09,1.21,2.73,New data (this study),C.wuellerstorfi
7246.03,1.07,2.07,1.07,2.71,New data (this study),C.wuellerstorfi
7248.36,1.01,2.01,1.01,2.65,New data (this study),C.wuellerstorfi
7250.69,1.06,2.09,1.06,2.73,New data (this study),C.wuellerstorfi
7253.02,1.15,2.16,1.15,2.8,New data (this study),C.wuellerstorfi
7255.34,1.15,2.17,1.15,2.81,New data (this study),C.wuellerstorfi
7257.67,1.06,2.15,1.06,2.79,New data (this study),C.wuellerstorfi
7260,1.17,2.22,1.17,2.86,New data (this study),C.wuellerstorfi
7261.86,1.15,2.23,1.15,2.87,New data (this study),C.wuellerstorfi
7261.86,1.08,2.14,1.08,2.78,New data (this study),C.wuellerstorfi
7264.66,1.25,2.18,1.25,2.82,New data (this study),C.wuellerstorfi
7266.99,1.19,2.23,1.19,2.87,New data (this study),C.wuellerstorfi
7269.31,1.25,2.07,1.25,2.71,New data (this study),C.wuellerstorfi
7271.64,1.39,2.15,1.39,2.79,New data (this study),C.wuellerstorfi
7273.97,1.32,2.1,1.32,2.74,New data (this study),C.wuellerstorfi
7276.3,1.32,2.04,1.32,2.68,New data (this study),C.wuellerstorfi
7278.63,1.25,2.1,1.25,2.74,New data (this study),C.wuellerstorfi
7280.96,1.12,2,1.12,2.64,New data (this study),C.wuellerstorfi
7281.42,1.16,2.03,1.16,2.67,"Hodell et al., 2001",C.wuellerstorfi
7283.28,1.17,2.13,1.17,2.77,New data (this study),C.wuellerstorfi
7283.75,1.27,2.14,1.27,2.78,"Hodell et al., 2001",C.wuellerstorfi
7285.61,1.29,2.02,1.29,2.66,New data (this study),C.wuellerstorfi
7286.08,1.28,2.09,1.28,2.73,"Hodell et al., 2001",C.wuellerstorfi
7287.94,1.31,2.17,1.31,2.81,New data (this study),C.wuellerstorfi
7288.41,1.19,2.05,1.19,2.69,"Hodell et al., 2001",C.wuellerstorfi
7290.27,1.32,2.16,1.32,2.8,New data (this study),C.wuellerstorfi
7290.73,1.26,2.06,1.26,2.7,"Hodell et al., 2001",C.wuellerstorfi
7292.6,1.27,2.2,1.27,2.84,New data (this study),C.wuellerstorfi
7293.06,1.28,2.21,1.28,2.85,"Hodell et al., 2001",C.wuellerstorfi
7294.92,1.24,2.21,1.24,2.85,New data (this study),C.wuellerstorfi
7295.39,1.18,2.24,1.18,2.88,"Hodell et al., 2001",C.wuellerstorfi
7296.79,1.23,2.23,1.23,2.87,New data (this study),C.wuellerstorfi
7296.79,1.31,2.33,1.31,2.97,New data (this study),C.wuellerstorfi
7297.72,1.22,2.28,1.22,2.92,"Hodell et al., 2001",C.wuellerstorfi
7299.58,1.26,2.37,1.26,3.01,New data (this study),C.wuellerstorfi
7300.05,1.05,2.19,1.05,2.83,"Hodell et al., 2001",C.wuellerstorfi
7301.91,1.17,2.21,1.17,2.85,New data (this study),C.wuellerstorfi
7302.37,1.16,2.13,1.16,2.77,"Hodell et al., 2001",C.wuellerstorfi
7304.7,1.26,2.11,1.26,2.75,"Hodell et al., 2001",C.wuellerstorfi
7307.03,1.14,2.17,1.14,2.81,"Hodell et al., 2001",C.wuellerstorfi
7309.36,1.13,2.1,1.13,2.74,"Hodell et al., 2001",C.wuellerstorfi
7311.69,1.31,2.13,1.31,2.77,"Hodell et al., 2001",C.wuellerstorfi
7314.02,1.33,2.06,1.33,2.7,"Hodell et al., 2001",C.wuellerstorfi
7316.34,1.35,2.03,1.35,2.67,"Hodell et al., 2001",C.wuellerstorfi
7318.67,1.31,2.04,1.31,2.68,"Hodell et al., 2001",C.wuellerstorfi
7321,1.29,1.88,1.29,2.52,"Hodell et al., 2001",C.wuellerstorfi
7322.96,1.19,2.01,1.19,2.65,"Hodell et al., 2001",C.wuellerstorfi
7324.92,1.34,2.06,1.34,2.7,"Hodell et al., 2001",C.wuellerstorfi
7326.89,1.3,2.1,1.3,2.74,"Hodell et al., 2001",C.wuellerstorfi
7328.85,1.24,2.15,1.24,2.79,"Hodell et al., 2001",C.wuellerstorfi
7330.81,1.13,2.15,1.13,2.79,"Hodell et al., 2001",C.wuellerstorfi
7332.78,1.2,2.17,1.2,2.81,"Hodell et al., 2001",C.wuellerstorfi
7334.74,1.2,2.18,1.2,2.82,"Hodell et al., 2001",C.wuellerstorfi
7336.7,1.14,2.17,1.14,2.81,"Hodell et al., 2001",C.wuellerstorfi
7338.66,0.88,2.15,0.88,2.79,"Hodell et al., 2001",C.wuellerstorfi
7340.63,1.28,2.21,1.28,2.85,"Hodell et al., 2001",C.wuellerstorfi
7342.59,1.27,2.26,1.27,2.9,"Hodell et al., 2001",C.wuellerstorfi
7344.55,1.31,2.19,1.31,2.83,"Hodell et al., 2001",C.wuellerstorfi
7348.47,1.25,2.16,1.25,2.8,"Hodell et al., 2001 - different to request by -2 cm",C.wuellerstorfi
7350.44,1.19,2.2,1.19,2.84,"Hodell et al., 2001",C.wuellerstorfi
7352.4,1.25,2.12,1.25,2.76,"Hodell et al., 2001",C.wuellerstorfi
7354.36,1.01,2.06,1.01,2.7,"Hodell et al., 2001",C.wuellerstorfi
7356.33,1.14,1.98,1.14,2.62,"Hodell et al., 2001",C.wuellerstorfi
7358.29,1.14,2,1.14,2.64,"Hodell et al., 2001",C.wuellerstorfi
7360.25,1.2,1.98,1.2,2.62,"Hodell et al., 2001",C.wuellerstorfi
7362.21,1.19,2.04,1.19,2.68,"Hodell et al., 2001",C.wuellerstorfi
7364.17,1.1,1.95,1.1,2.59,"Hodell et al., 2001",C.wuellerstorfi
7366.14,1.18,1.97,1.18,2.61,"Hodell et al., 2001",C.wuellerstorfi
7368.1,1.22,1.98,1.22,2.62,"Hodell et al., 2001",C.wuellerstorfi
7370.06,1.15,1.95,1.15,2.59,"Hodell et al., 2001",C.wuellerstorfi
7372.03,1.18,2.05,1.18,2.69,"Hodell et al., 2001",C.wuellerstorfi
7373.99,1.17,2.18,1.17,2.82,"Hodell et al., 2001",C.wuellerstorfi
7375.95,1.11,2.1,1.11,2.74,"Hodell et al., 2001",C.wuellerstorfi
7376.15,1.18,2.34,1.18,2.98,New data (this study),C.wuellerstorfi
7377.91,1.07,2.17,1.07,2.81,"Hodell et al., 2001",C.wuellerstorfi
7378.11,1.09,2.26,1.09,2.9,New data (this study),C.wuellerstorfi
7378.11,1.22,2.34,1.22,2.98,New data (this study),C.wuellerstorfi
7379.87,1.16,2.19,1.16,2.83,"Hodell et al., 2001",C.wuellerstorfi
7380.07,1.18,2.25,1.18,2.89,New data (this study),C.wuellerstorfi
7381.84,1.08,2.19,1.08,2.83,"Hodell et al., 2001",C.wuellerstorfi
7382.03,1.24,2.28,1.24,2.92,New data (this study),C.wuellerstorfi
7383.8,1.07,2.15,1.07,2.79,"Hodell et al., 2001",C.wuellerstorfi
7384,1.18,2.33,1.18,2.97,New data (this study),C.wuellerstorfi
7385.76,1.22,2.25,1.22,2.89,"Hodell et al., 2001",C.wuellerstorfi
7385.96,1.29,2.28,1.29,2.92,New data (this study),C.wuellerstorfi
7387.73,1.24,2.18,1.24,2.82,"Hodell et al., 2001",C.wuellerstorfi
7387.92,1.34,2.28,1.34,2.92,New data (this study),C.wuellerstorfi
7389.69,1.29,2.08,1.29,2.72,"Hodell et al., 2001",C.wuellerstorfi
7389.88,1.3,2.22,1.3,2.86,New data (this study),C.wuellerstorfi
7389.88,1.39,2.24,1.39,2.88,New data (this study),C.wuellerstorfi
7391.65,1.36,2.12,1.36,2.76,"Hodell et al., 2001",C.wuellerstorfi
7391.85,1.18,2.13,1.18,2.77,New data (this study),C.wuellerstorfi
7393.61,1.37,2.02,1.37,2.66,"Hodell et al., 2001",C.wuellerstorfi
7393.81,1.38,2.05,1.38,2.69,New data (this study),C.wuellerstorfi
7395.58,1.33,2.05,1.33,2.69,"Hodell et al., 2001",C.wuellerstorfi
7395.77,1.12,2.12,1.12,2.76,New data (this study),C.wuellerstorfi
7397.73,1.43,2.08,1.43,2.72,New data (this study),C.wuellerstorfi
7399.7,1.41,2.17,1.41,2.81,New data (this study),C.wuellerstorfi
7401.66,1.43,2.07,1.43,2.71,New data (this study),C.wuellerstorfi
7403.62,1.41,2.18,1.41,2.82,New data (this study),C.wuellerstorfi
7405.58,1.43,2.12,1.43,2.76,New data (this study),C.wuellerstorfi
7407.55,1.35,2.18,1.35,2.82,New data (this study),C.wuellerstorfi
7409.51,1.1,2.09,1.1,2.73,New data (this study),C.wuellerstorfi
7411.47,1.11,2.09,1.11,2.73,New data (this study),C.wuellerstorfi
7413.43,1.21,2.18,1.21,2.82,New data (this study),C.wuellerstorfi
7415.4,1.15,2.2,1.15,2.84,New data (this study),C.wuellerstorfi
7417.36,1.26,2.2,1.26,2.84,New data (this study),C.wuellerstorfi
7419.32,1.23,2.28,1.23,2.92,New data (this study),C.wuellerstorfi
7419.32,1.23,2.24,1.23,2.88,New data (this study),C.wuellerstorfi
7421.28,1.09,2.23,1.09,2.87,New data (this study),C.wuellerstorfi
7423.25,0.98,2.13,0.98,2.77,New data (this study),C.wuellerstorfi
7425.21,0.91,2.1,0.91,2.74,New data (this study),C.wuellerstorfi
7427.17,1.15,2,1.15,2.64,New data (this study),C.wuellerstorfi
7429.13,1.15,2.22,1.15,2.86,New data (this study),C.wuellerstorfi
7431.1,1.38,2.19,1.38,2.83,New data (this study),C.wuellerstorfi
7433.06,1.28,2.12,1.28,2.76,New data (this study),C.wuellerstorfi
7435.02,1.22,2.01,1.22,2.65,New data (this study),C.wuellerstorfi
7436.79,0.97,2.14,0.97,2.78,"Hodell et al., 2001",C.wuellerstorfi
7436.98,1.18,2.05,1.18,2.69,New data (this study),C.wuellerstorfi
7438.75,1.15,2.12,1.15,2.76,"Hodell et al., 2001",C.wuellerstorfi
7438.95,1.34,2.04,1.34,2.68,New data (this study),C.wuellerstorfi
7440.71,1.2,2.03,1.2,2.67,"Hodell et al., 2001",C.wuellerstorfi
7440.91,1.29,2.07,1.29,2.71,New data (this study),C.wuellerstorfi
7442.68,1.17,1.91,1.17,2.55,"Hodell et al., 2001",C.wuellerstorfi
7442.87,1.31,2.08,1.31,2.72,New data (this study),C.wuellerstorfi
7444.64,1.18,1.93,1.18,2.57,"Hodell et al., 2001",C.wuellerstorfi
7444.83,1.26,2.04,1.26,2.68,New data (this study),C.wuellerstorfi
7444.83,1.31,2.06,1.31,2.7,New data (this study),C.wuellerstorfi
7446.6,1.36,2,1.36,2.64,"Hodell et al., 2001",C.wuellerstorfi
7446.8,1.14,2.03,1.14,2.67,New data (this study),C.wuellerstorfi
7448.56,1.16,2.07,1.16,2.71,"Hodell et al., 2001",C.wuellerstorfi
7448.76,1.28,2.12,1.28,2.76,New data (this study),C.wuellerstorfi
7450.52,1.3,2.07,1.3,2.71,"Hodell et al., 2001",C.wuellerstorfi
7450.72,1.09,2.01,1.09,2.65,New data (this study),C.wuellerstorfi
7452.49,1.2,2.09,1.2,2.73,"Hodell et al., 2001",C.wuellerstorfi
7452.68,1.32,2.12,1.32,2.76,New data (this study),C.wuellerstorfi
7454.45,1.27,2.17,1.27,2.81,"Hodell et al., 2001",C.wuellerstorfi
7456.41,1.17,2.1,1.17,2.74,"Hodell et al., 2001",C.wuellerstorfi
7458.37,1.15,2.13,1.15,2.77,"Hodell et al., 2001",C.wuellerstorfi
7460.34,1.05,2.07,1.05,2.71,"Hodell et al., 2001",C.wuellerstorfi
7462.3,1.15,2.16,1.15,2.8,"Hodell et al., 2001",C.wuellerstorfi
7464.26,0.95,2.25,0.95,2.89,"Hodell et al., 2001",C.wuellerstorfi
7466.23,0.95,2.24,0.95,2.88,"Hodell et al., 2001",C.wuellerstorfi
7468.19,0.88,2.16,0.88,2.8,"Hodell et al., 2001",C.wuellerstorfi
7470.15,1.03,2.16,1.03,2.8,"Hodell et al., 2001",C.wuellerstorfi
7472.11,1.08,2.12,1.08,2.76,"Hodell et al., 2001",C.wuellerstorfi
7474.08,1.27,2.03,1.27,2.67,"Hodell et al., 2001",C.wuellerstorfi
7476.04,1.12,1.96,1.12,2.6,"Hodell et al., 2001",C.wuellerstorfi
7480.47,1.15,1.91,1.15,2.55,"Hodell et al., 2001",C.wuellerstorfi
7482.94,1.34,2.02,1.34,2.66,"Hodell et al., 2001",C.wuellerstorfi
7485.41,1.24,2.1,1.24,2.74,"Hodell et al., 2001",C.wuellerstorfi
7487.88,1.32,2.17,1.32,2.81,"Hodell et al., 2001",C.wuellerstorfi
7490.35,1.34,2.21,1.34,2.85,"Hodell et al., 2001",C.wuellerstorfi
7492.82,0.98,2.21,0.98,2.85,"Hodell et al., 2001",C.wuellerstorfi
7495.29,1.07,2.21,1.07,2.85,"Hodell et al., 2001",C.wuellerstorfi
7500.24,1.35,2.32,1.35,2.96,"Hodell et al., 2001",C.wuellerstorfi
7502.71,1.35,2.22,1.35,2.86,"Hodell et al., 2001",C.wuellerstorfi
7505.18,1.21,2.19,1.21,2.83,"Hodell et al., 2001",C.wuellerstorfi
7507.65,1.36,2.2,1.36,2.84,"Hodell et al., 2001",C.wuellerstorfi
7510.12,1.33,2.21,1.33,2.85,"Hodell et al., 2001",C.wuellerstorfi
7512.59,1.38,2.24,1.38,2.88,"Hodell et al., 2001",C.wuellerstorfi
7515.06,1.19,2.17,1.19,2.81,"Hodell et al., 2001",C.wuellerstorfi
7517.53,1.31,2.22,1.31,2.86,"Hodell et al., 2001",C.wuellerstorfi
7520,1.4,2.21,1.4,2.85,"Hodell et al., 2001",C.wuellerstorfi
7522.47,1.41,2.16,1.41,2.8,"Hodell et al., 2001",C.wuellerstorfi
7524.94,1.39,2.16,1.39,2.8,"Hodell et al., 2001",C.wuellerstorfi
7527.41,1.41,2.07,1.41,2.71,"Hodell et al., 2001",C.wuellerstorfi
7529.88,1.45,2.09,1.45,2.73,"Hodell et al., 2001",C.wuellerstorfi
7532.35,1.4,2.04,1.4,2.68,"Hodell et al., 2001",C.wuellerstorfi
7534.82,1.38,2.01,1.38,2.65,"Hodell et al., 2001",C.wuellerstorfi
7537.29,1.31,2.04,1.31,2.68,"Hodell et al., 2001",C.wuellerstorfi
7539.76,1.42,2.12,1.42,2.76,"Hodell et al., 2001",C.wuellerstorfi
7542.24,1.4,1.99,1.4,2.63,"Hodell et al., 2001",C.wuellerstorfi
7547.18,1.43,2.1,1.43,2.74,"Hodell et al., 2001",C.wuellerstorfi
7549.65,1.37,2.19,1.37,2.83,"Hodell et al., 2001",C.wuellerstorfi
7552.12,1.38,2.18,1.38,2.82,"Hodell et al., 2001",C.wuellerstorfi
7554.59,1.59,2.21,1.59,2.85,"Hodell et al., 2001",C.wuellerstorfi
7557.06,1.35,2.08,1.35,2.72,"Hodell et al., 2001",C.wuellerstorfi
7559.53,1.53,2.2,1.53,2.84,"Hodell et al., 2001",C.wuellerstorfi
7562,1.44,2.13,1.44,2.77,"Hodell et al., 2001",C.wuellerstorfi
7564.47,1.48,2.1,1.48,2.74,"Hodell et al., 2001",C.wuellerstorfi
7566.94,1.49,2.16,1.49,2.8,"Hodell et al., 2001",C.wuellerstorfi
7569.66,1.58,2.18,1.58,2.82,New data (this study),C.wuellerstorfi
7572.13,1.52,2.09,1.52,2.73,New data (this study),C.wuellerstorfi
7574.35,1.31,2.16,1.31,2.8,"Hodell et al., 2001",C.wuellerstorfi
7576.82,1.56,2.28,1.56,2.92,"Hodell et al., 2001",C.wuellerstorfi
7579.29,1.43,2.15,1.43,2.79,"Hodell et al., 2001",C.wuellerstorfi
7581.76,1.38,2.16,1.38,2.8,"Hodell et al., 2001",C.wuellerstorfi
7584.24,1.33,2.22,1.33,2.86,"Hodell et al., 2001",C.wuellerstorfi
7586.71,1.41,2.16,1.41,2.8,"Hodell et al., 2001",C.wuellerstorfi
7589.18,1.43,2.28,1.43,2.92,"Hodell et al., 2001",C.wuellerstorfi
7591.65,1.39,2.17,1.39,2.81,"Hodell et al., 2001",C.wuellerstorfi
7594.12,1.39,2.22,1.39,2.86,"Hodell et al., 2001",C.wuellerstorfi
7596.59,1.52,2.19,1.52,2.83,"Hodell et al., 2001",C.wuellerstorfi
7599.06,1.63,2.02,1.63,2.66,"Hodell et al., 2001",C.wuellerstorfi
7601.53,1.66,1.98,1.66,2.62,"Hodell et al., 2001",C.wuellerstorfi
7604,1.68,2.09,1.68,2.73,"Hodell et al., 2001",C.wuellerstorfi
7608.94,1.47,2.3,1.47,2.94,"Hodell et al., 2001",C.wuellerstorfi
7616.35,1.43,2.42,1.43,3.06,"Hodell et al., 2001",C.wuellerstorfi
7621.29,1.41,2.34,1.41,2.98,"Hodell et al., 2001",C.wuellerstorfi
7624.01,1.43,2.27,1.43,2.91,New data (this study),C.wuellerstorfi
7626.24,1.52,2.25,1.52,2.89,"Hodell et al., 2001",C.wuellerstorfi
7628.71,1.23,2.24,1.23,2.88,"Hodell et al., 2001",C.wuellerstorfi
7631.18,1.45,2.35,1.45,2.99,"Hodell et al., 2001",C.wuellerstorfi
7633.65,1.58,2.1,1.58,2.74,"Hodell et al., 2001",C.wuellerstorfi
7634.39,1.6,2.2,1.6,2.84,New data (this study),C.wuellerstorfi
7636.12,1.5,2.09,1.5,2.73,"Hodell et al., 2001",C.wuellerstorfi
7638.59,1.53,2.02,1.53,2.66,"Hodell et al., 2001 - different to request by -1 cm",C.wuellerstorfi
7638.84,1.52,2.08,1.52,2.72,New data (this study),C.wuellerstorfi
7638.84,1.66,2.09,1.66,2.73,New data (this study),C.wuellerstorfi
7641.06,1.5,2.06,1.5,2.7,"Hodell et al., 2001 - different to request by -2 cm",C.wuellerstorfi
7641.31,1.54,2.02,1.54,2.66,New data (this study),C.wuellerstorfi
7643.53,1.51,2.03,1.51,2.67,"Hodell et al., 2001",C.wuellerstorfi
7643.78,1.58,2.05,1.58,2.69,New data (this study),C.wuellerstorfi
7646,1.53,2.09,1.53,2.73,"Hodell et al., 2001",C.wuellerstorfi
7646.29,1.64,2.07,1.64,2.71,New data (this study),C.wuellerstorfi
7648.9,1.52,2.11,1.52,2.75,"Hodell et al., 2001",C.wuellerstorfi
7649.18,1.55,2.11,1.55,2.75,New data (this study),C.wuellerstorfi
7652.08,1.59,2.25,1.59,2.89,New data (this study),C.wuellerstorfi
7654.98,1.49,2.28,1.49,2.92,New data (this study),C.wuellerstorfi
7657.87,1.58,2.26,1.58,2.9,New data (this study),C.wuellerstorfi
7660.77,1.49,2.21,1.49,2.85,New data (this study),C.wuellerstorfi
7663.66,1.44,2.35,1.44,2.99,New data (this study),C.wuellerstorfi
7666.56,1.35,2.24,1.35,2.88,New data (this study),C.wuellerstorfi
7669.45,1.39,2.3,1.39,2.94,New data (this study),C.wuellerstorfi
7672.35,1.54,2.36,1.54,3,New data (this study),C.wuellerstorfi
7675.82,1.59,2.22,1.59,2.86,New data (this study),C.wuellerstorfi
7675.82,1.54,2.35,1.54,2.99,New data (this study),C.wuellerstorfi
7678.14,1.69,2.19,1.69,2.83,New data (this study),C.wuellerstorfi
7681.03,1.61,2.18,1.61,2.82,New data (this study),C.wuellerstorfi
7683.93,1.58,2.23,1.58,2.87,New data (this study),C.wuellerstorfi
7686.82,1.56,2.13,1.56,2.77,New data (this study),C.wuellerstorfi
7689.72,1.61,2.09,1.61,2.73,New data (this study),C.wuellerstorfi
7692.61,1.59,2.25,1.59,2.89,New data (this study),C.wuellerstorfi
7695.51,1.6,2.31,1.6,2.95,New data (this study),C.wuellerstorfi
7698.4,1.62,2.29,1.62,2.93,New data (this study),C.wuellerstorfi
7701.3,1.6,2.27,1.6,2.91,New data (this study),C.wuellerstorfi
7704.19,1.6,2.37,1.6,3.01,New data (this study),C.wuellerstorfi
7707.09,1.52,2.21,1.52,2.85,New data (this study),C.wuellerstorfi
7707.67,1.44,2.17,1.44,2.81,"Hodell et al., 2001",C.wuellerstorfi
7709.98,1.45,2.3,1.45,2.94,New data (this study),C.wuellerstorfi
7710.56,1.42,2.23,1.42,2.87,"Hodell et al., 2001",C.wuellerstorfi
7712.88,1.49,2.25,1.49,2.89,New data (this study),C.wuellerstorfi
7713.46,1.43,2.14,1.43,2.78,"Hodell et al., 2001",C.wuellerstorfi
7715.77,1.39,2.27,1.39,2.91,New data (this study),C.wuellerstorfi
7716.35,1.35,2.29,1.35,2.93,"Hodell et al., 2001",C.wuellerstorfi
7718.09,1.5,2.31,1.5,2.95,New data (this study),C.wuellerstorfi
7719.25,1.43,2.21,1.43,2.85,"Hodell et al., 2001",C.wuellerstorfi
7721.56,1.51,2.17,1.51,2.81,New data (this study),C.wuellerstorfi
7722.14,1.49,2.24,1.49,2.88,"Hodell et al., 2001",C.wuellerstorfi
7724.46,1.42,2.16,1.42,2.8,New data (this study),C.wuellerstorfi
7725.04,1.45,2.3,1.45,2.94,"Hodell et al., 2001",C.wuellerstorfi
7727.36,1.62,2.18,1.62,2.82,New data (this study),C.wuellerstorfi
7727.93,1.38,2.35,1.38,2.99,"Hodell et al., 2001",C.wuellerstorfi
7730.25,1.71,2.23,1.71,2.87,New data (this study),C.wuellerstorfi
7730.25,1.63,2.1,1.63,2.74,New data (this study),C.wuellerstorfi
7730.83,1.41,2.21,1.41,2.85,"Hodell et al., 2001",C.wuellerstorfi
7733.15,1.63,2.16,1.63,2.8,New data (this study),C.wuellerstorfi
7733.72,1.34,2.16,1.34,2.8,"Hodell et al., 2001",C.wuellerstorfi
7736.62,1.46,2.18,1.46,2.82,"Hodell et al., 2001",C.wuellerstorfi
7739.51,1.47,2.16,1.47,2.8,"Hodell et al., 2001",C.wuellerstorfi
7742.41,1.51,2.16,1.51,2.8,"Hodell et al., 2001",C.wuellerstorfi
7745.31,1.35,2.04,1.35,2.68,"Hodell et al., 2001",C.wuellerstorfi
7748.2,1.46,2.03,1.46,2.67,"Hodell et al., 2001",C.wuellerstorfi
7751.1,1.46,2.11,1.46,2.75,"Hodell et al., 2001",C.wuellerstorfi
7753.99,1.47,2.12,1.47,2.76,"Hodell et al., 2001",C.wuellerstorfi
7756.89,1.35,2.12,1.35,2.76,"Hodell et al., 2001",C.wuellerstorfi
7759.78,1.65,1.99,1.65,2.63,"Hodell et al., 2001",C.wuellerstorfi
7762.68,1.51,2.07,1.51,2.71,"Hodell et al., 2001",C.wuellerstorfi
7765.57,1.49,2.32,1.49,2.96,"Hodell et al., 2001",C.wuellerstorfi
7768.47,1.48,2.23,1.48,2.87,"Hodell et al., 2001",C.wuellerstorfi
7771.36,1.54,2.21,1.54,2.85,"Hodell et al., 2001",C.wuellerstorfi
7774.26,1.48,2.22,1.48,2.86,"Hodell et al., 2001",C.wuellerstorfi
7777.15,1.42,2.26,1.42,2.9,"Hodell et al., 2001",C.wuellerstorfi
7780.05,1.48,2.05,1.48,2.69,"Hodell et al., 2001",C.wuellerstorfi
7782.94,1.32,2,1.32,2.64,"Hodell et al., 2001",C.wuellerstorfi
7785.84,1.31,2.1,1.31,2.74,"Hodell et al., 2001",C.wuellerstorfi
7788.73,1.23,2.16,1.23,2.8,"Hodell et al., 2001",C.wuellerstorfi
7791.63,1.29,2.07,1.29,2.71,"Hodell et al., 2001",C.wuellerstorfi
7794.52,1.07,2.28,1.07,2.92,"Hodell et al., 2001",C.wuellerstorfi
7797.42,1.07,2.22,1.07,2.86,"Hodell et al., 2001",C.wuellerstorfi
7800.31,1.42,2.1,1.42,2.74,"Hodell et al., 2001",C.wuellerstorfi
7803.21,1.43,2.08,1.43,2.72,"Hodell et al., 2001",C.wuellerstorfi
7806.11,1.54,2.08,1.54,2.72,"Hodell et al., 2001",C.wuellerstorfi
7809,1.37,2.01,1.37,2.65,"Hodell et al., 2001",C.wuellerstorfi
7810.97,1.45,2.04,1.45,2.68,"Hodell et al., 2001",C.wuellerstorfi
7812.93,1.43,2.12,1.43,2.76,"Hodell et al., 2001",C.wuellerstorfi
7814.9,1.41,2.22,1.41,2.86,"Hodell et al., 2001",C.wuellerstorfi
7816.86,1.4,2.42,1.4,3.06,"Hodell et al., 2001",C.wuellerstorfi
7818.83,1.26,2.25,1.26,2.89,"Hodell et al., 2001",C.wuellerstorfi
7820.79,1.46,2.22,1.46,2.86,"Hodell et al., 2001",C.wuellerstorfi
7822.76,1.52,2.35,1.52,2.99,"Hodell et al., 2001",C.wuellerstorfi
7824.73,1.37,2.19,1.37,2.83,"Hodell et al., 2001",C.wuellerstorfi
7828.66,1.3,2.2,1.3,2.84,"Hodell et al., 2001",C.wuellerstorfi
7830.62,1.25,2.11,1.25,2.75,"Hodell et al., 2001",C.wuellerstorfi
7832.59,1.22,2.2,1.22,2.84,"Hodell et al., 2001",C.wuellerstorfi
7834.55,1.11,2.21,1.11,2.85,"Hodell et al., 2001",C.wuellerstorfi
7836.52,1.12,2.21,1.12,2.85,"Hodell et al., 2001",C.wuellerstorfi
7838.48,0.79,2.12,0.79,2.76,"Hodell et al., 2001",C.wuellerstorfi
7840.45,1.05,2.21,1.05,2.85,"Hodell et al., 2001",C.wuellerstorfi
7842.42,0.93,2.12,0.93,2.76,"Hodell et al., 2001",C.wuellerstorfi
7842.61,1.17,2.18,1.17,2.82,New data (this study),C.wuellerstorfi
7844.38,1.02,1.9,1.02,2.54,"Hodell et al., 2001",C.wuellerstorfi
7844.58,1.45,2.17,1.45,2.81,New data (this study),C.wuellerstorfi
7846.35,0.89,1.98,0.89,2.62,"Hodell et al., 2001",C.wuellerstorfi
7846.54,1.19,2.33,1.19,2.97,New data (this study),C.wuellerstorfi
7848.31,0.77,2.22,0.77,2.86,"Hodell et al., 2001",C.wuellerstorfi
7848.51,0.99,2.31,0.99,2.95,New data (this study),C.wuellerstorfi
7850.28,0.76,2.18,0.76,2.82,"Hodell et al., 2001",C.wuellerstorfi
7850.48,0.97,2.24,0.97,2.88,New data (this study),C.wuellerstorfi
7852.24,1.1,2.26,1.1,2.9,"Hodell et al., 2001",C.wuellerstorfi
7852.44,0.94,2.24,0.94,2.88,New data (this study),C.wuellerstorfi
7854.21,1.06,2.33,1.06,2.97,"Hodell et al., 2001",C.wuellerstorfi
7854.41,0.97,2.34,0.97,2.98,New data (this study),C.wuellerstorfi
7856.18,0.99,2.1,0.99,2.74,"Hodell et al., 2001",C.wuellerstorfi
7856.37,0.95,2.28,0.95,2.92,New data (this study),C.wuellerstorfi
7858.14,1.03,2.12,1.03,2.76,"Hodell et al., 2001",C.wuellerstorfi
7858.34,0.94,2.08,0.94,2.72,New data (this study),C.wuellerstorfi
7860.11,0.89,2.07,0.89,2.71,"Hodell et al., 2001",C.wuellerstorfi
7860.3,1.08,2.15,1.08,2.79,New data (this study),C.wuellerstorfi
7862.07,0.87,2.11,0.87,2.75,"Hodell et al., 2001",C.wuellerstorfi
7862.27,0.99,2.03,0.99,2.67,New data (this study),C.wuellerstorfi
7864.23,0.97,2.13,0.97,2.77,New data (this study),C.wuellerstorfi
7866.2,0.71,2.14,0.71,2.78,New data (this study),C.wuellerstorfi
7868.17,0.72,2.28,0.72,2.92,New data (this study),C.wuellerstorfi
7870.13,1.12,2.2,1.12,2.84,New data (this study),C.wuellerstorfi
7872.1,1.15,2.11,1.15,2.75,New data (this study),C.wuellerstorfi
7872.1,1.15,2.09,1.15,2.73,New data (this study),C.wuellerstorfi
7874.06,1.09,2.04,1.09,2.68,New data (this study),C.wuellerstorfi
7876.03,1.11,2.06,1.11,2.7,New data (this study),C.wuellerstorfi
7877.99,1.12,2.25,1.12,2.89,New data (this study),C.wuellerstorfi
7879.96,1.12,2.31,1.12,2.95,New data (this study),C.wuellerstorfi
7881.93,1.02,2.23,1.02,2.87,New data (this study),C.wuellerstorfi
7883.89,0.99,2.16,0.99,2.8,New data (this study),C.wuellerstorfi
7885.86,1,2.13,1,2.77,New data (this study),C.wuellerstorfi
7887.23,1.09,2.23,1.09,2.87,"Hodell et al., 2001",C.wuellerstorfi
7887.82,1.22,2.18,1.22,2.82,New data (this study),C.wuellerstorfi
7889.2,0.89,2.16,0.89,2.8,"Hodell et al., 2001",C.wuellerstorfi
7889.79,1.07,2.09,1.07,2.73,New data (this study),C.wuellerstorfi
7891.16,0.89,2.15,0.89,2.79,"Hodell et al., 2001",C.wuellerstorfi
7891.75,1.1,2.15,1.1,2.79,New data (this study),C.wuellerstorfi
7893.13,0.87,2.11,0.87,2.75,"Hodell et al., 2001",C.wuellerstorfi
7893.72,1.04,2.24,1.04,2.88,New data (this study),C.wuellerstorfi
7894.7,1.1,2.24,1.1,2.88,"Hodell et al., 2001",C.wuellerstorfi
7895.69,1.1,2.14,1.1,2.78,New data (this study),C.wuellerstorfi
7897.06,1,2.13,1,2.77,"Hodell et al., 2001",C.wuellerstorfi
7897.65,1,2.18,1,2.82,New data (this study),C.wuellerstorfi
7897.65,1.09,2.16,1.09,2.8,New data (this study),C.wuellerstorfi
7899.03,0.99,2.02,0.99,2.66,"Hodell et al., 2001",C.wuellerstorfi
7899.62,1.16,2.19,1.16,2.83,New data (this study),C.wuellerstorfi
7900.99,0.94,2.18,0.94,2.82,"Hodell et al., 2001",C.wuellerstorfi
7901.58,1,2.16,1,2.8,New data (this study),C.wuellerstorfi
7902.96,1.03,2.11,1.03,2.75,"Hodell et al., 2001",C.wuellerstorfi
7903.55,1.1,2.13,1.1,2.77,New data (this study),C.wuellerstorfi
7904.92,0.94,1.99,0.94,2.63,"Hodell et al., 2001",C.wuellerstorfi
7905.51,1.18,2.21,1.18,2.85,New data (this study),C.wuellerstorfi
7906.89,1.09,2.23,1.09,2.87,"Hodell et al., 2001",C.wuellerstorfi
7908.85,1.06,2.16,1.06,2.8,"Hodell et al., 2001",C.wuellerstorfi
7910.82,1.12,2.27,1.12,2.91,"Hodell et al., 2001",C.wuellerstorfi
7912.79,1.11,2.26,1.11,2.9,"Hodell et al., 2001",C.wuellerstorfi
7914.75,1.21,2.21,1.21,2.85,"Hodell et al., 2001",C.wuellerstorfi
7916.72,1.19,2.26,1.19,2.9,"Hodell et al., 2001",C.wuellerstorfi
7918.68,1.09,1.97,1.09,2.61,"Hodell et al., 2001",C.wuellerstorfi
7920.65,1.26,2.29,1.26,2.93,"Hodell et al., 2001",C.wuellerstorfi
7922.61,1.18,2.18,1.18,2.82,"Hodell et al., 2001",C.wuellerstorfi
7924.58,1.13,2.24,1.13,2.88,"Hodell et al., 2001",C.wuellerstorfi
7926.55,1.01,2.13,1.01,2.77,"Hodell et al., 2001",C.wuellerstorfi
7928.51,0.99,2,0.99,2.64,"Hodell et al., 2001",C.wuellerstorfi
7930.48,1.04,2.2,1.04,2.84,"Hodell et al., 2001",C.wuellerstorfi
7932.84,0.95,2.27,0.95,2.91,"Hodell et al., 2001",C.wuellerstorfi
7934.41,1.05,2.22,1.05,2.86,"Hodell et al., 2001",C.wuellerstorfi
7936.37,1.05,2.28,1.05,2.92,"Hodell et al., 2001",C.wuellerstorfi
7938.34,1.14,2.21,1.14,2.85,"Hodell et al., 2001",C.wuellerstorfi
7940.31,1.28,2.42,1.28,3.06,"Hodell et al., 2001",C.wuellerstorfi
7942.27,1.17,2.29,1.17,2.93,"Hodell et al., 2001",C.wuellerstorfi
7944.24,1.26,2.3,1.26,2.94,"Hodell et al., 2001",C.wuellerstorfi
7946.2,1.09,2.17,1.09,2.81,"Hodell et al., 2001",C.wuellerstorfi
7948.17,1.1,2.2,1.1,2.84,"Hodell et al., 2001",C.wuellerstorfi
7950.13,0.94,2.06,0.94,2.7,"Hodell et al., 2001",C.wuellerstorfi
7952.1,1.24,2.6,1.24,3.24,"Hodell et al., 2001",C.wuellerstorfi
7954.06,1.05,2.31,1.05,2.95,"Hodell et al., 2001",C.wuellerstorfi
7956.03,1.13,2.46,1.13,3.1,"Hodell et al., 2001",C.wuellerstorfi
7958,1.04,2.28,1.04,2.92,"Hodell et al., 2001",C.wuellerstorfi
7959.96,0.83,2.44,0.83,3.08,"Hodell et al., 2001",C.wuellerstorfi
7961.93,1.01,2.23,1.01,2.87,"Hodell et al., 2001",C.wuellerstorfi
7963.89,1.13,2.35,1.13,2.99,"Hodell et al., 2001",C.wuellerstorfi
7965.86,0.76,2.22,0.76,2.86,"Hodell et al., 2001",C.wuellerstorfi
7967.82,0.99,2.23,0.99,2.87,"Hodell et al., 2001",C.wuellerstorfi
7969.79,1.13,2.17,1.13,2.81,"Hodell et al., 2001",C.wuellerstorfi
7971.76,1.05,2.21,1.05,2.85,"Hodell et al., 2001",C.wuellerstorfi
7973.72,1.07,2.1,1.07,2.74,"Hodell et al., 2001",C.wuellerstorfi
7975.69,1.07,2.05,1.07,2.69,"Hodell et al., 2001",C.wuellerstorfi
7977.65,1.18,2,1.18,2.64,"Hodell et al., 2001",C.wuellerstorfi
7979.62,1.24,2.18,1.24,2.82,"Hodell et al., 2001",C.wuellerstorfi
7981.58,0.98,2.02,0.98,2.66,"Hodell et al., 2001",C.wuellerstorfi
7983.55,1.33,2.1,1.33,2.74,"Hodell et al., 2001",C.wuellerstorfi
7985.52,1.19,2.02,1.19,2.66,"Hodell et al., 2001",C.wuellerstorfi
7987.48,1.21,2.09,1.21,2.73,"Hodell et al., 2001",C.wuellerstorfi
7989.45,1.29,2.19,1.29,2.83,"Hodell et al., 2001",C.wuellerstorfi
7991.41,1.15,2.22,1.15,2.86,"Hodell et al., 2001",C.wuellerstorfi
7993.38,1.18,2.14,1.18,2.78,"Hodell et al., 2001",C.wuellerstorfi
7995.34,1.11,2.16,1.11,2.8,"Hodell et al., 2001",C.wuellerstorfi
7997.31,1.1,2.06,1.1,2.7,"Hodell et al., 2001",C.wuellerstorfi
7999.27,0.96,2.1,0.96,2.74,"Hodell et al., 2001",C.wuellerstorfi
8001.24,0.99,2.04,0.99,2.68,"Hodell et al., 2001",C.wuellerstorfi
8003.21,1.12,2.21,1.12,2.85,"Hodell et al., 2001",C.wuellerstorfi
8005.17,1.12,2.03,1.12,2.67,"Hodell et al., 2001",C.wuellerstorfi
8007.14,1.24,2.09,1.24,2.73,"Hodell et al., 2001",C.wuellerstorfi
8009.1,1.15,1.97,1.15,2.61,"Hodell et al., 2001",C.wuellerstorfi
8011.07,1.04,2.03,1.04,2.67,"Hodell et al., 2001",C.wuellerstorfi
8013.03,1.3,1.9,1.3,2.54,"Hodell et al., 2001",C.wuellerstorfi
8015,1.01,1.87,1.01,2.51,"Hodell et al., 2001",C.wuellerstorfi
8016.97,1.08,2,1.08,2.64,"Hodell et al., 2001",C.wuellerstorfi
8018.93,0.9,1.92,0.9,2.56,"Hodell et al., 2001",C.wuellerstorfi
8020.9,1.03,1.95,1.03,2.59,"Hodell et al., 2001",C.wuellerstorfi
8022.86,1.17,2.08,1.17,2.72,"Hodell et al., 2001",C.wuellerstorfi
8077.31,1.37,2.07,1.37,2.71,"Hodell et al., 2001",C.wuellerstorfi
8079.28,1.23,1.89,1.23,2.53,"Hodell et al., 2001",C.wuellerstorfi
8081.24,1.24,1.9,1.24,2.54,"Hodell et al., 2001",C.wuellerstorfi
8083.21,1.38,1.91,1.38,2.55,"Hodell et al., 2001",C.wuellerstorfi
8085.17,1.17,1.88,1.17,2.52,"Hodell et al., 2001",C.wuellerstorfi
8087.14,1.21,1.93,1.21,2.57,"Hodell et al., 2001",C.wuellerstorfi
8091.07,1.39,2.01,1.39,2.65,"Hodell et al., 2001",C.wuellerstorfi
8093.04,1.26,1.94,1.26,2.58,"Hodell et al., 2001",C.wuellerstorfi
8095,1.31,1.89,1.31,2.53,"Hodell et al., 2001",C.wuellerstorfi
8096.97,1.15,1.82,1.15,2.46,"Hodell et al., 2001",C.wuellerstorfi
8098.93,1.26,1.82,1.26,2.46,"Hodell et al., 2001",C.wuellerstorfi
8100.9,1.18,1.73,1.18,2.37,"Hodell et al., 2001",C.wuellerstorfi
8102.86,1.11,1.77,1.11,2.41,"Hodell et al., 2001",C.wuellerstorfi
8108.76,0.96,1.95,0.96,2.59,"Hodell et al., 2001",C.wuellerstorfi
8110.73,1.04,2.05,1.04,2.69,"Hodell et al., 2001",C.wuellerstorfi
8116.62,1.11,2.07,1.11,2.71,"Hodell et al., 2001",C.wuellerstorfi
8118.59,1.14,2.09,1.14,2.73,"Hodell et al., 2001",C.wuellerstorfi
8120.55,1.23,2.17,1.23,2.81,"Hodell et al., 2001",C.wuellerstorfi
8124.49,0.97,2.06,0.97,2.7,"Hodell et al., 2001",C.wuellerstorfi
8126.45,0.75,2.21,0.75,2.85,"Hodell et al., 2001",C.wuellerstorfi
8128.42,0.96,2.44,0.96,3.08,"Hodell et al., 2001",C.wuellerstorfi
8130.38,1.12,2.22,1.12,2.86,"Hodell et al., 2001",C.wuellerstorfi
8132.35,1.25,2.16,1.25,2.8,"Hodell et al., 2001",C.wuellerstorfi
8134.31,1.3,2.07,1.3,2.71,"Hodell et al., 2001",C.wuellerstorfi
8136.28,1.23,2.13,1.23,2.77,"Hodell et al., 2001",C.wuellerstorfi
8138.25,1.23,2.02,1.23,2.66,"Hodell et al., 2001",C.wuellerstorfi
8140.21,1.29,2.13,1.29,2.77,"Hodell et al., 2001",C.wuellerstorfi
8142.18,1.22,2.12,1.22,2.76,"Hodell et al., 2001",C.wuellerstorfi
8144.14,1.12,2.05,1.12,2.69,"Hodell et al., 2001",C.wuellerstorfi
8146.11,1.04,1.9,1.04,2.54,"Hodell et al., 2001",C.wuellerstorfi
8148.08,1.13,2.14,1.13,2.78,"Hodell et al., 2001",C.wuellerstorfi
8150.04,1.05,2.12,1.05,2.76,"Hodell et al., 2001",C.wuellerstorfi
8152.01,0.98,2.08,0.98,2.72,"Hodell et al., 2001",C.wuellerstorfi
8153.97,1.16,2.15,1.16,2.79,"Hodell et al., 2001",C.wuellerstorfi
8157.9,1.15,2,1.15,2.64,"Hodell et al., 2001",C.wuellerstorfi
8159.87,1.06,1.96,1.06,2.6,"Hodell et al., 2001",C.wuellerstorfi
8161.83,1.04,1.98,1.04,2.62,"Hodell et al., 2001",C.wuellerstorfi
8163.8,0.87,1.85,0.87,2.49,"Hodell et al., 2001",C.wuellerstorfi
8165.77,0.85,1.93,0.85,2.57,"Hodell et al., 2001",C.wuellerstorfi
8167.73,0.86,1.97,0.86,2.61,"Hodell et al., 2001",C.wuellerstorfi
8169.7,0.74,2.01,0.74,2.65,"Hodell et al., 2001",C.wuellerstorfi
8171.66,0.52,2,0.52,2.64,"Hodell et al., 2001",C.wuellerstorfi
8173.63,1.07,1.92,1.07,2.56,"Hodell et al., 2001",C.wuellerstorfi
8175.59,1.15,2,1.15,2.64,"Hodell et al., 2001",C.wuellerstorfi
8177.56,1.14,2.08,1.14,2.72,"Hodell et al., 2001",C.wuellerstorfi
8179.52,1.06,1.81,1.06,2.45,"Hodell et al., 2001",C.wuellerstorfi
8181.49,0.87,1.87,0.87,2.51,"Hodell et al., 2001",C.wuellerstorfi
8183.46,1.02,1.95,1.02,2.59,"Hodell et al., 2001",C.wuellerstorfi
8185.42,1.14,1.98,1.14,2.62,"Hodell et al., 2001",C.wuellerstorfi